"se.exposure","chr.exposure","beta.exposure","pval.exposure","pos.exposure","samplesize.exposure","id.exposure","SNP","effect_allele.exposure","other_allele.exposure","eaf.exposure","exposure","mr_keep.exposure","pval_origin.exposure","data_source.exposure"
0.000482537,"2",0.00222095,4.17302e-06,242505783,361194,"ukb-d-H02","rs145973678","A","G",0.0823691," || id:ukb-d-H02",TRUE,"reported","igd"
0.000275536,"4",-0.00127396,3.77277e-06,174855491,361194,"ukb-d-H02","rs34436225","A","G",0.654943," || id:ukb-d-H02",TRUE,"reported","igd"
0.000533332,"4",-0.00244845,4.41581e-06,159224413,361194,"ukb-d-H02","rs1574386","T","C",0.0652209," || id:ukb-d-H02",TRUE,"reported","igd"
0.000400513,"4",-0.00197847,7.8224e-07,101534459,361194,"ukb-d-H02","rs10006468","G","A",0.878786," || id:ukb-d-H02",TRUE,"reported","igd"
0.00084027,"4",-0.00400336,1.89518e-06,127181197,361194,"ukb-d-H02","rs7667553","A","G",0.0248731," || id:ukb-d-H02",TRUE,"reported","igd"
0.000609413,"5",0.0028616,2.6584e-06,311880,361194,"ukb-d-H02","rs62330020","T","C",0.0499501," || id:ukb-d-H02",TRUE,"reported","igd"
0.000513676,"6",0.00238687,3.37482e-06,91285896,361194,"ukb-d-H02","rs113306640","G","A",0.0707299," || id:ukb-d-H02",TRUE,"reported","igd"
0.00115999,"7",0.0057996,5.74407e-07,148313618,361194,"ukb-d-H02","rs114518346","G","C",0.0129086," || id:ukb-d-H02",TRUE,"reported","igd"
0.00118153,"8",0.00550962,3.11544e-06,21226638,361194,"ukb-d-H02","rs138625813","G","A",0.0137902," || id:ukb-d-H02",TRUE,"reported","igd"
0.00124925,"9",0.00609272,1.07701e-06,20519184,361194,"ukb-d-H02","rs141413423","T","A",0.0115685," || id:ukb-d-H02",TRUE,"reported","igd"
0.000616045,"9",-0.00295222,1.65017e-06,135945800,361194,"ukb-d-H02","rs138715663","T","C",0.0561291," || id:ukb-d-H02",TRUE,"reported","igd"
0.000848519,"10",-0.00422496,6.38719e-07,626897,361194,"ukb-d-H02","rs1672534","C","G",0.97551," || id:ukb-d-H02",TRUE,"reported","igd"
0.00102577,"12",0.00475744,3.52079e-06,94142978,361194,"ukb-d-H02","rs75214012","A","G",0.0168386," || id:ukb-d-H02",TRUE,"reported","igd"
0.000600497,"13",0.0027526,4.56594e-06,67744786,361194,"ukb-d-H02","rs3013589","G","A",0.949936," || id:ukb-d-H02",TRUE,"reported","igd"
0.000269235,"15",-0.0012832,1.87906e-06,46002356,361194,"ukb-d-H02","rs11631000","C","T",0.590681," || id:ukb-d-H02",TRUE,"reported","igd"
0.000268225,"15",0.00123898,3.85434e-06,26040267,361194,"ukb-d-H02","rs12910743","C","T",0.406546," || id:ukb-d-H02",TRUE,"reported","igd"
0.000918463,"18",0.00551969,1.86037e-09,49289144,361194,"ukb-d-H02","rs115020847","A","G",0.0217252," || id:ukb-d-H02",TRUE,"reported","igd"
0.00122654,"19",0.00574393,2.82781e-06,885396,361194,"ukb-d-H02","rs143864614","A","C",0.0120512," || id:ukb-d-H02",TRUE,"reported","igd"
0.000368975,"20",0.00171035,3.56377e-06,46077309,361194,"ukb-d-H02","rs6012188","T","C",0.147841," || id:ukb-d-H02",TRUE,"reported","igd"
0.000475937,"22",0.00223338,2.69861e-06,45296292,361194,"ukb-d-H02","rs4823410","C","T",0.0831821," || id:ukb-d-H02",TRUE,"reported","igd"
