"chr.exposure","pos.exposure","beta.exposure","samplesize.exposure","se.exposure","pval.exposure","id.exposure","SNP","effect_allele.exposure","other_allele.exposure","eaf.exposure","exposure","mr_keep.exposure","pval_origin.exposure","data_source.exposure"
"1",35110869,0.00211781,361194,0.000445588,2.00641e-06,"ukb-d-I9_ARTOTH","rs77027565","C","G",0.0243122," || id:ukb-d-I9_ARTOTH",TRUE,"reported","igd"
"1",88176320,0.00149422,361194,0.000302354,7.73802e-07,"ukb-d-I9_ARTOTH","rs10801871","G","A",0.0478148," || id:ukb-d-I9_ARTOTH",TRUE,"reported","igd"
"2",198139315,0.00262624,361194,0.000561966,2.96504e-06,"ukb-d-I9_ARTOTH","rs148588565","A","G",0.0148759," || id:ukb-d-I9_ARTOTH",TRUE,"reported","igd"
"5",56376026,0.000594358,361194,0.000129198,4.21862e-06,"ukb-d-I9_ARTOTH","rs6450416","C","A",0.510642," || id:ukb-d-I9_ARTOTH",TRUE,"reported","igd"
"6",71979488,0.00208925,361194,0.00043666,1.71376e-06,"ukb-d-I9_ARTOTH","rs111434696","G","T",0.022549," || id:ukb-d-I9_ARTOTH",TRUE,"reported","igd"
"6",66339113,0.00254779,361194,0.000449338,1.42817e-08,"ukb-d-I9_ARTOTH","rs114055780","C","A",0.0214563," || id:ukb-d-I9_ARTOTH",TRUE,"reported","igd"
"6",94555413,0.00240575,361194,0.000520286,3.76738e-06,"ukb-d-I9_ARTOTH","rs138819213","T","C",0.0164989," || id:ukb-d-I9_ARTOTH",TRUE,"reported","igd"
"8",69881339,0.00199242,361194,0.000419254,2.01187e-06,"ukb-d-I9_ARTOTH","rs142786182","T","C",0.024359," || id:ukb-d-I9_ARTOTH",TRUE,"reported","igd"
"9",18866314,0.00181549,361194,0.000393219,3.89493e-06,"ukb-d-I9_ARTOTH","rs112231706","A","G",0.0281176," || id:ukb-d-I9_ARTOTH",TRUE,"reported","igd"
"11",12561087,0.00166485,361194,0.000337063,7.8444e-07,"ukb-d-I9_ARTOTH","rs75154881","T","G",0.0382143," || id:ukb-d-I9_ARTOTH",TRUE,"reported","igd"
"11",127483486,0.00248347,361194,0.000517179,1.57188e-06,"ukb-d-I9_ARTOTH","rs117570031","C","T",0.0157533," || id:ukb-d-I9_ARTOTH",TRUE,"reported","igd"
"13",75094184,-0.00064312,361194,0.000137843,3.07851e-06,"ukb-d-I9_ARTOTH","rs1326714","A","G",0.681214," || id:ukb-d-I9_ARTOTH",TRUE,"reported","igd"
"16",59686604,0.0022183,361194,0.000485464,4.8917e-06,"ukb-d-I9_ARTOTH","rs150095558","C","T",0.0198273," || id:ukb-d-I9_ARTOTH",TRUE,"reported","igd"
"17",12856074,0.000786712,361194,0.000164944,1.84684e-06,"ukb-d-I9_ARTOTH","rs4792304","G","A",0.197142," || id:ukb-d-I9_ARTOTH",TRUE,"reported","igd"
"20",3655219,0.00159281,361194,0.000348258,4.79468e-06,"ukb-d-I9_ARTOTH","rs3918392","C","T",0.0364433," || id:ukb-d-I9_ARTOTH",TRUE,"reported","igd"
"21",47575372,0.000766202,361194,0.000145837,1.49073e-07,"ukb-d-I9_ARTOTH","rs2277820","T","C",0.282055," || id:ukb-d-I9_ARTOTH",TRUE,"reported","igd"
