"pos.exposure","chr.exposure","samplesize.exposure","pval.exposure","se.exposure","beta.exposure","id.exposure","SNP","effect_allele.exposure","other_allele.exposure","eaf.exposure","exposure","mr_keep.exposure","pval_origin.exposure","data_source.exposure"
103422643,"1",337199,5.19601e-08,0.000338805,-0.00184466,"ukb-a-562","rs10874665","C","T",0.248433," || id:ukb-a-562",TRUE,"reported","igd"
219766226,"1",337199,6.51914e-07,0.000321577,0.00159993,"ukb-a-562","rs12131794","A","C",0.293103," || id:ukb-a-562",TRUE,"reported","igd"
118110520,"1",337199,4.41296e-07,0.00051991,-0.00262571,"ukb-a-562","rs11804412","A","C",0.086357," || id:ukb-a-562",TRUE,"reported","igd"
146970498,"2",337199,2.49833e-06,0.00144881,0.00682148,"ukb-a-562","rs150030263","C","T",0.0109757," || id:ukb-a-562",TRUE,"reported","igd"
159111281,"2",337199,2.59884e-06,0.000295329,0.00138813,"ukb-a-562","rs965432","A","G",0.544056," || id:ukb-a-562",TRUE,"reported","igd"
7273740,"4",337199,5.97916e-07,0.00214468,0.0107062,"ukb-a-562","rs55837291","T","G",0.00491105," || id:ukb-a-562",TRUE,"reported","igd"
175440522,"4",337199,4.29368e-06,0.000480592,0.00220914,"ukb-a-562","rs6849981","A","G",0.108116," || id:ukb-a-562",TRUE,"reported","igd"
10595072,"4",337199,2.2763e-06,0.0028002,0.0132373,"ukb-a-562","rs188098945","C","A",0.00342824," || id:ukb-a-562",TRUE,"reported","igd"
55636940,"6",337199,5.36426e-07,0.000461966,0.00231579,"ukb-a-562","rs80287694","G","A",0.112976," || id:ukb-a-562",TRUE,"reported","igd"
151891388,"6",337199,1.61176e-06,0.000602099,-0.00288823,"ukb-a-562","rs116928060","A","C",0.0631348," || id:ukb-a-562",TRUE,"reported","igd"
45376856,"6",337199,1.54025e-07,0.00029294,-0.00153729,"ukb-a-562","rs2064630","C","G",0.504195," || id:ukb-a-562",TRUE,"reported","igd"
109652236,"6",337199,1.22157e-06,0.000320832,0.00155674,"ukb-a-562","rs13220304","A","G",0.294998," || id:ukb-a-562",TRUE,"reported","igd"
28484650,"7",337199,4.9381e-07,0.000331926,-0.00166919,"ukb-a-562","rs4722797","A","G",0.27981," || id:ukb-a-562",TRUE,"reported","igd"
131941771,"7",337199,9.01696e-07,0.000307713,-0.0015115,"ukb-a-562","rs10270115","T","C",0.639751," || id:ukb-a-562",TRUE,"reported","igd"
8611433,"7",337199,3.25732e-06,0.000617184,0.00287235,"ukb-a-562","rs73678056","G","T",0.0604361," || id:ukb-a-562",TRUE,"reported","igd"
8930740,"8",337199,3.89475e-07,0.000418093,-0.00212146,"ukb-a-562","rs10087078","G","A",0.147205," || id:ukb-a-562",TRUE,"reported","igd"
96221734,"9",337199,3.5541e-06,0.00076157,0.00353061,"ukb-a-562","rs34561852","A","G",0.0392765," || id:ukb-a-562",TRUE,"reported","igd"
117846450,"9",337199,3.42105e-06,0.000293198,-0.00136157,"ukb-a-562","rs1755639","G","A",0.532546," || id:ukb-a-562",TRUE,"reported","igd"
96238407,"10",337199,5.23878e-07,0.00158911,0.00797328,"ukb-a-562","rs149506647","T","C",0.00951664," || id:ukb-a-562",TRUE,"reported","igd"
50068799,"10",337199,4.08188e-06,0.000747925,-0.00344587,"ukb-a-562","rs2377657","T","A",0.0453812," || id:ukb-a-562",TRUE,"reported","igd"
116801418,"10",337199,2.19387e-06,0.000934876,0.00442643,"ukb-a-562","rs144373538","A","C",0.0270627," || id:ukb-a-562",TRUE,"reported","igd"
65337714,"11",337199,1.1841e-06,0.00032859,-0.00159641,"ukb-a-562","rs1784220","T","G",0.27224," || id:ukb-a-562",TRUE,"reported","igd"
104851112,"12",337199,3.51237e-06,0.000490211,0.0022738,"ukb-a-562","rs111789728","C","T",0.109569," || id:ukb-a-562",TRUE,"reported","igd"
28013563,"12",337199,1.9289e-10,0.000373774,0.00237985,"ukb-a-562","rs11049204","G","A",0.189614," || id:ukb-a-562",TRUE,"reported","igd"
78526002,"13",337199,1.90849e-06,0.000872025,0.00415342,"ukb-a-562","rs76233976","A","G",0.0301765," || id:ukb-a-562",TRUE,"reported","igd"
95639962,"13",337199,2.79537e-06,0.000543503,-0.00254653,"ukb-a-562","rs2209539","C","G",0.921503," || id:ukb-a-562",TRUE,"reported","igd"
59651620,"17",337199,7.09153e-08,0.000400633,0.00215899,"ukb-a-562","rs72836442","T","C",0.163206," || id:ukb-a-562",TRUE,"reported","igd"
48555817,"17",337199,2.30569e-06,0.000302799,0.00143063,"ukb-a-562","rs3760405","A","G",0.368661," || id:ukb-a-562",TRUE,"reported","igd"
