"se.exposure","beta.exposure","pval.exposure","chr.exposure","samplesize.exposure","pos.exposure","id.exposure","SNP","effect_allele.exposure","other_allele.exposure","eaf.exposure","exposure","mr_keep.exposure","pval_origin.exposure","data_source.exposure"
0.000644443,0.00294635,4.83393e-06,"1",361194,228498775,"ukb-d-Z53","rs12739626","T","C",0.017722," || id:ukb-d-Z53",TRUE,"reported","igd"
0.000606244,0.00290325,1.67753e-06,"2",361194,19687444,"ukb-d-Z53","rs4666490","A","G",0.0186991," || id:ukb-d-Z53",TRUE,"reported","igd"
0.000759501,0.00388339,3.1711e-07,"2",361194,106966399,"ukb-d-Z53","rs13406276","A","C",0.0119135," || id:ukb-d-Z53",TRUE,"reported","igd"
0.000809297,0.00379979,2.66477e-06,"2",361194,62854472,"ukb-d-Z53","rs116002879","G","T",0.0108339," || id:ukb-d-Z53",TRUE,"reported","igd"
0.000711039,0.00348821,9.30872e-07,"3",361194,29994472,"ukb-d-Z53","rs62235518","T","C",0.0135066," || id:ukb-d-Z53",TRUE,"reported","igd"
0.000776725,0.00370807,1.80697e-06,"3",361194,63105077,"ukb-d-Z53","rs139871239","T","C",0.0115332," || id:ukb-d-Z53",TRUE,"reported","igd"
0.000650265,0.00321891,7.41874e-07,"5",361194,140036243,"ukb-d-Z53","rs113286474","G","A",0.0170841," || id:ukb-d-Z53",TRUE,"reported","igd"
0.000181703,0.000915319,4.71998e-07,"6",361194,85560350,"ukb-d-Z53","rs62451178","G","T",0.335402," || id:ukb-d-Z53",TRUE,"reported","igd"
0.000857591,0.00442206,2.51907e-07,"6",361194,165037664,"ukb-d-Z53","rs145101192","G","A",0.00998303," || id:ukb-d-Z53",TRUE,"reported","igd"
0.000538821,0.00298491,3.03194e-08,"7",361194,100371479,"ukb-d-Z53","rs71555302","C","G",0.0241158," || id:ukb-d-Z53",TRUE,"reported","igd"
0.000420577,0.00202947,1.39756e-06,"8",361194,57536306,"ukb-d-Z53","rs116875685","G","A",0.0401124," || id:ukb-d-Z53",TRUE,"reported","igd"
0.000167476,0.00076906,4.39036e-06,"9",361194,78070970,"ukb-d-Z53","rs7855249","A","G",0.405893," || id:ukb-d-Z53",TRUE,"reported","igd"
0.000315233,0.00153015,1.21026e-06,"10",361194,94384216,"ukb-d-Z53","rs111333834","A","G",0.0746551," || id:ukb-d-Z53",TRUE,"reported","igd"
0.000419874,0.00197222,2.63888e-06,"13",361194,24914064,"ukb-d-Z53","rs73170357","A","G",0.0400574," || id:ukb-d-Z53",TRUE,"reported","igd"
0.000911796,0.00420875,3.91552e-06,"13",361194,28940628,"ukb-d-Z53","rs184863803","C","T",0.00880766," || id:ukb-d-Z53",TRUE,"reported","igd"
0.000829981,0.00397607,1.66383e-06,"16",361194,23606535,"ukb-d-Z53","rs116955430","G","A",0.0102352," || id:ukb-d-Z53",TRUE,"reported","igd"
0.000699547,0.00321545,4.29833e-06,"17",361194,74011765,"ukb-d-Z53","rs113643301","C","T",0.0155614," || id:ukb-d-Z53",TRUE,"reported","igd"
0.000407279,0.00195095,1.66682e-06,"17",361194,3719023,"ukb-d-Z53","rs116934677","C","T",0.0436308," || id:ukb-d-Z53",TRUE,"reported","igd"
0.000258047,0.0012013,3.23527e-06,"18",361194,68431692,"ukb-d-Z53","rs1282644","C","T",0.115429," || id:ukb-d-Z53",TRUE,"reported","igd"
0.000208244,0.00097558,2.8035e-06,"19",361194,15776335,"ukb-d-Z53","rs2683031","C","T",0.195143," || id:ukb-d-Z53",TRUE,"reported","igd"
