"pos.exposure","chr.exposure","se.exposure","pval.exposure","samplesize.exposure","beta.exposure","id.exposure","SNP","effect_allele.exposure","other_allele.exposure","eaf.exposure","exposure","mr_keep.exposure","pval_origin.exposure","data_source.exposure"
202086876,"1",0.000477763,5.39449e-08,361194,0.00259803,"ukb-d-IBD_ENDOMETRIOSIS","rs149036775","T","C",0.0278837," || id:ukb-d-IBD_ENDOMETRIOSIS",TRUE,"reported","igd"
214532811,"1",0.000187534,1.388e-06,361194,0.000905188,"ukb-d-IBD_ENDOMETRIOSIS","rs3013455","C","T",0.793718," || id:ukb-d-IBD_ENDOMETRIOSIS",TRUE,"reported","igd"
51481862,"2",0.00029794,3.01384e-07,361194,0.00152625,"ukb-d-IBD_ENDOMETRIOSIS","rs13035259","A","C",0.0729987," || id:ukb-d-IBD_ENDOMETRIOSIS",TRUE,"reported","igd"
205269243,"2",0.000603851,3.43416e-08,361194,0.00333195,"ukb-d-IBD_ENDOMETRIOSIS","rs116183328","A","G",0.0169247," || id:ukb-d-IBD_ENDOMETRIOSIS",TRUE,"reported","igd"
129073208,"2",0.000255378,8.67401e-07,361194,0.00125637,"ukb-d-IBD_ENDOMETRIOSIS","rs13426089","T","C",0.0981006," || id:ukb-d-IBD_ENDOMETRIOSIS",TRUE,"reported","igd"
3809096,"4",0.000154059,4.95964e-07,361194,0.000774602,"ukb-d-IBD_ENDOMETRIOSIS","rs28391658","A","T",0.552776," || id:ukb-d-IBD_ENDOMETRIOSIS",TRUE,"reported","igd"
81593399,"4",0.000685081,3.57816e-06,361194,0.00317505,"ukb-d-IBD_ENDOMETRIOSIS","rs10022464","A","G",0.0131029," || id:ukb-d-IBD_ENDOMETRIOSIS",TRUE,"reported","igd"
115873970,"5",0.000689663,1.04165e-07,361194,0.0036686,"ukb-d-IBD_ENDOMETRIOSIS","rs141107755","A","G",0.0126598," || id:ukb-d-IBD_ENDOMETRIOSIS",TRUE,"reported","igd"
62671459,"5",0.000426959,3.45995e-06,361194,0.00198173,"ukb-d-IBD_ENDOMETRIOSIS","rs116329098","A","C",0.0324825," || id:ukb-d-IBD_ENDOMETRIOSIS",TRUE,"reported","igd"
20436717,"7",0.000596065,5.74262e-08,361194,0.0032347,"ukb-d-IBD_ENDOMETRIOSIS","rs17365446","G","C",0.0176435," || id:ukb-d-IBD_ENDOMETRIOSIS",TRUE,"reported","igd"
78658711,"7",0.000516204,7.00293e-07,361194,0.00256108,"ukb-d-IBD_ENDOMETRIOSIS","rs17406405","A","G",0.0220366," || id:ukb-d-IBD_ENDOMETRIOSIS",TRUE,"reported","igd"
146068829,"8",0.000826201,2.54326e-06,361194,0.00388703,"ukb-d-IBD_ENDOMETRIOSIS","rs112701277","C","T",0.0104434," || id:ukb-d-IBD_ENDOMETRIOSIS",TRUE,"reported","igd"
4919025,"9",0.000182077,2.74941e-06,361194,-0.000853718,"ukb-d-IBD_ENDOMETRIOSIS","rs10758664","G","T",0.769804," || id:ukb-d-IBD_ENDOMETRIOSIS",TRUE,"reported","igd"
14798628,"9",0.00035765,6.90351e-07,361194,0.00177543,"ukb-d-IBD_ENDOMETRIOSIS","rs74869083","C","T",0.0482061," || id:ukb-d-IBD_ENDOMETRIOSIS",TRUE,"reported","igd"
117751772,"10",0.000198522,9.7627e-07,361194,-0.000972055,"ukb-d-IBD_ENDOMETRIOSIS","rs180676","A","G",0.821163," || id:ukb-d-IBD_ENDOMETRIOSIS",TRUE,"reported","igd"
129192030,"10",0.000449419,3.27476e-06,361194,0.00209108,"ukb-d-IBD_ENDOMETRIOSIS","rs61176465","T","C",0.0298152," || id:ukb-d-IBD_ENDOMETRIOSIS",TRUE,"reported","igd"
86993510,"11",0.000385908,2.29055e-06,361194,0.00182381,"ukb-d-IBD_ENDOMETRIOSIS","rs141717433","C","T",0.0403022," || id:ukb-d-IBD_ENDOMETRIOSIS",TRUE,"reported","igd"
71458471,"17",0.000438624,3.05992e-06,361194,0.00204699,"ukb-d-IBD_ENDOMETRIOSIS","rs118008737","C","T",0.0306996," || id:ukb-d-IBD_ENDOMETRIOSIS",TRUE,"reported","igd"
48176844,"17",0.000250255,5.32194e-07,361194,0.00125488,"ukb-d-IBD_ENDOMETRIOSIS","rs10491147","C","G",0.101973," || id:ukb-d-IBD_ENDOMETRIOSIS",TRUE,"reported","igd"
23051786,"18",0.000637747,1.32846e-06,361194,0.00308384,"ukb-d-IBD_ENDOMETRIOSIS","rs142421421","A","G",0.015025," || id:ukb-d-IBD_ENDOMETRIOSIS",TRUE,"reported","igd"
10734805,"18",0.0001873,2.22044e-06,361194,0.000886366,"ukb-d-IBD_ENDOMETRIOSIS","rs6505587","C","T",0.79236," || id:ukb-d-IBD_ENDOMETRIOSIS",TRUE,"reported","igd"
72946245,"18",0.000382771,3.57232e-06,361194,0.00177411,"ukb-d-IBD_ENDOMETRIOSIS","rs113593574","T","C",0.0459739," || id:ukb-d-IBD_ENDOMETRIOSIS",TRUE,"reported","igd"
2423279,"19",0.000192541,4.77331e-07,361194,0.000969499,"ukb-d-IBD_ENDOMETRIOSIS","rs11672757","G","A",0.191658," || id:ukb-d-IBD_ENDOMETRIOSIS",TRUE,"reported","igd"
