"se.exposure","samplesize.exposure","pval.exposure","pos.exposure","beta.exposure","chr.exposure","id.exposure","SNP","effect_allele.exposure","other_allele.exposure","eaf.exposure","exposure","mr_keep.exposure","pval_origin.exposure","data_source.exposure"
0.000187534,361194,1.388e-06,214532811,0.000905188,"1","ukb-d-N80","rs3013455","C","T",0.793718," || id:ukb-d-N80",TRUE,"reported","igd"
0.000477763,361194,5.39449e-08,202086876,0.00259803,"1","ukb-d-N80","rs149036775","T","C",0.0278837," || id:ukb-d-N80",TRUE,"reported","igd"
0.000255378,361194,8.67401e-07,129073208,0.00125637,"2","ukb-d-N80","rs13426089","T","C",0.0981006," || id:ukb-d-N80",TRUE,"reported","igd"
0.00029794,361194,3.01384e-07,51481862,0.00152625,"2","ukb-d-N80","rs13035259","A","C",0.0729987," || id:ukb-d-N80",TRUE,"reported","igd"
0.000603851,361194,3.43416e-08,205269243,0.00333195,"2","ukb-d-N80","rs116183328","A","G",0.0169247," || id:ukb-d-N80",TRUE,"reported","igd"
0.000685081,361194,3.57816e-06,81593399,0.00317505,"4","ukb-d-N80","rs10022464","A","G",0.0131029," || id:ukb-d-N80",TRUE,"reported","igd"
0.000154059,361194,4.95964e-07,3809096,0.000774602,"4","ukb-d-N80","rs28391658","A","T",0.552776," || id:ukb-d-N80",TRUE,"reported","igd"
0.000426959,361194,3.45995e-06,62671459,0.00198173,"5","ukb-d-N80","rs116329098","A","C",0.0324825," || id:ukb-d-N80",TRUE,"reported","igd"
0.000689663,361194,1.04165e-07,115873970,0.0036686,"5","ukb-d-N80","rs141107755","A","G",0.0126598," || id:ukb-d-N80",TRUE,"reported","igd"
0.000596065,361194,5.74262e-08,20436717,0.0032347,"7","ukb-d-N80","rs17365446","G","C",0.0176435," || id:ukb-d-N80",TRUE,"reported","igd"
0.000516204,361194,7.00293e-07,78658711,0.00256108,"7","ukb-d-N80","rs17406405","A","G",0.0220366," || id:ukb-d-N80",TRUE,"reported","igd"
0.000826201,361194,2.54326e-06,146068829,0.00388703,"8","ukb-d-N80","rs112701277","C","T",0.0104434," || id:ukb-d-N80",TRUE,"reported","igd"
0.000182077,361194,2.74941e-06,4919025,-0.000853718,"9","ukb-d-N80","rs10758664","G","T",0.769804," || id:ukb-d-N80",TRUE,"reported","igd"
0.00035765,361194,6.90351e-07,14798628,0.00177543,"9","ukb-d-N80","rs74869083","C","T",0.0482061," || id:ukb-d-N80",TRUE,"reported","igd"
0.000198522,361194,9.7627e-07,117751772,-0.000972055,"10","ukb-d-N80","rs180676","A","G",0.821163," || id:ukb-d-N80",TRUE,"reported","igd"
0.000449419,361194,3.27476e-06,129192030,0.00209108,"10","ukb-d-N80","rs61176465","T","C",0.0298152," || id:ukb-d-N80",TRUE,"reported","igd"
0.000385908,361194,2.29055e-06,86993510,0.00182381,"11","ukb-d-N80","rs141717433","C","T",0.0403022," || id:ukb-d-N80",TRUE,"reported","igd"
0.000438624,361194,3.05992e-06,71458471,0.00204699,"17","ukb-d-N80","rs118008737","C","T",0.0306996," || id:ukb-d-N80",TRUE,"reported","igd"
0.000250255,361194,5.32194e-07,48176844,0.00125488,"17","ukb-d-N80","rs10491147","C","G",0.101973," || id:ukb-d-N80",TRUE,"reported","igd"
0.000637747,361194,1.32846e-06,23051786,0.00308384,"18","ukb-d-N80","rs142421421","A","G",0.015025," || id:ukb-d-N80",TRUE,"reported","igd"
0.0001873,361194,2.22044e-06,10734805,0.000886366,"18","ukb-d-N80","rs6505587","C","T",0.79236," || id:ukb-d-N80",TRUE,"reported","igd"
0.000382771,361194,3.57232e-06,72946245,0.00177411,"18","ukb-d-N80","rs113593574","T","C",0.0459739," || id:ukb-d-N80",TRUE,"reported","igd"
0.000192541,361194,4.77331e-07,2423279,0.000969499,"19","ukb-d-N80","rs11672757","G","A",0.191658," || id:ukb-d-N80",TRUE,"reported","igd"
