"se.exposure","pos.exposure","beta.exposure","pval.exposure","samplesize.exposure","chr.exposure","id.exposure","SNP","effect_allele.exposure","other_allele.exposure","eaf.exposure","exposure","mr_keep.exposure","pval_origin.exposure","data_source.exposure"
0.0033947,202171339,0.018987,2.2327e-08,344052,"1","ukb-d-30670_raw","rs3010096","A","G",0.3667,"Urea || id:ukb-d-30670_raw",TRUE,"reported","igd"
0.0038363,214177319,-0.025483,3.08603e-11,344052,"1","ukb-d-30670_raw","rs61320678","G","T",0.23584,"Urea || id:ukb-d-30670_raw",TRUE,"reported","igd"
0.0034805,16371510,0.021326,8.94149e-10,344052,"1","ukb-d-30670_raw","rs7365304","A","G",0.31034,"Urea || id:ukb-d-30670_raw",TRUE,"reported","igd"
0.0034294,82937433,0.021001,9.14998e-10,344052,"1","ukb-d-30670_raw","rs11163481","T","G",0.67037,"Urea || id:ukb-d-30670_raw",TRUE,"reported","igd"
0.0033702,54877103,-0.021949,7.38924e-11,344052,"1","ukb-d-30670_raw","rs213494","T","C",0.64954,"Urea || id:ukb-d-30670_raw",TRUE,"reported","igd"
0.0036499,67451922,-0.037368,1.34741e-24,344052,"1","ukb-d-30670_raw","rs12117131","T","C",0.26426,"Urea || id:ukb-d-30670_raw",TRUE,"reported","igd"
0.00333,100818178,0.020536,6.96963e-10,344052,"1","ukb-d-30670_raw","rs529224","C","G",0.37469,"Urea || id:ukb-d-30670_raw",TRUE,"reported","igd"
0.0032853,155178782,-0.065294,7.60852e-88,344052,"1","ukb-d-30670_raw","rs760077","T","A",0.60363,"Urea || id:ukb-d-30670_raw",TRUE,"reported","igd"
0.0033086,89119698,0.028796,3.23445e-18,344052,"1","ukb-d-30670_raw","rs7530690","A","G",0.3828,"Urea || id:ukb-d-30670_raw",TRUE,"reported","igd"
0.0033008,219294258,-0.023902,4.45143e-13,344052,"2","ukb-d-30670_raw","rs6720403","C","A",0.39476,"Urea || id:ukb-d-30670_raw",TRUE,"reported","igd"
0.0038291,85486354,-0.023073,1.68741e-09,344052,"2","ukb-d-30670_raw","rs11681706","G","T",0.76833,"Urea || id:ukb-d-30670_raw",TRUE,"reported","igd"
0.0034818,113967075,-0.034121,1.13527e-22,344052,"2","ukb-d-30670_raw","rs11123169","T","C",0.66646,"Urea || id:ukb-d-30670_raw",TRUE,"reported","igd"
0.0032654,121309488,-0.024285,1.0311e-13,344052,"2","ukb-d-30670_raw","rs2030746","T","C",0.41555,"Urea || id:ukb-d-30670_raw",TRUE,"reported","igd"
0.0033677,15788692,-0.021749,1.06089e-10,344052,"2","ukb-d-30670_raw","rs56019566","T","C",0.35225,"Urea || id:ukb-d-30670_raw",TRUE,"reported","igd"
0.010225,176993583,0.091375,4.02624e-19,344052,"2","ukb-d-30670_raw","rs187355703","G","C",0.025705,"Urea || id:ukb-d-30670_raw",TRUE,"reported","igd"
0.0088718,177077489,0.065395,1.6959e-13,344052,"2","ukb-d-30670_raw","rs12476098","C","G",0.034086,"Urea || id:ukb-d-30670_raw",TRUE,"reported","igd"
0.0034042,196288136,-0.019792,6.10801e-09,344052,"2","ukb-d-30670_raw","rs4505549","C","T",0.61739,"Urea || id:ukb-d-30670_raw",TRUE,"reported","igd"
0.0034592,211540507,-0.041316,7.1105e-33,344052,"2","ukb-d-30670_raw","rs1047891","A","C",0.31574,"Urea || id:ukb-d-30670_raw",TRUE,"reported","igd"
0.0033671,249092,0.035396,7.66832e-26,344052,"2","ukb-d-30670_raw","rs17713729","C","A",0.3513,"Urea || id:ukb-d-30670_raw",TRUE,"reported","igd"
0.0032899,27730940,-0.032426,6.4998e-23,344052,"2","ukb-d-30670_raw","rs1260326","C","T",0.60688,"Urea || id:ukb-d-30670_raw",TRUE,"reported","igd"
0.0046522,121995877,-0.045511,1.34679e-22,344052,"2","ukb-d-30670_raw","rs11678466","C","A",0.14056,"Urea || id:ukb-d-30670_raw",TRUE,"reported","igd"
0.0087307,26000457,0.048608,2.58601e-08,344052,"2","ukb-d-30670_raw","rs11413577","TA","T",0.036986,"Urea || id:ukb-d-30670_raw",TRUE,"reported","igd"
0.0038989,85724009,-0.022009,1.65459e-08,344052,"2","ukb-d-30670_raw","rs72844412","A","G",0.22035,"Urea || id:ukb-d-30670_raw",TRUE,"reported","igd"
0.0032193,235567453,-0.01758,4.73849e-08,344052,"2","ukb-d-30670_raw","rs1405131","C","A",0.50323,"Urea || id:ukb-d-30670_raw",TRUE,"reported","igd"
0.0049411,46447972,0.027694,2.08632e-08,344052,"3","ukb-d-30670_raw","rs11574435","T","C",0.12384,"Urea || id:ukb-d-30670_raw",TRUE,"reported","igd"
0.0032389,168790926,0.022588,3.08887e-12,344052,"3","ukb-d-30670_raw","rs9823691","C","G",0.54626,"Urea || id:ukb-d-30670_raw",TRUE,"reported","igd"
0.0095435,195634993,0.060153,2.92092e-10,344052,"3","ukb-d-30670_raw","rs13059257","T","C",0.029335,"Urea || id:ukb-d-30670_raw",TRUE,"reported","igd"
0.0042041,11248957,0.024716,4.13333e-09,344052,"3","ukb-d-30670_raw","rs347593","G","C",0.81731,"Urea || id:ukb-d-30670_raw",TRUE,"reported","igd"
0.0034495,79594835,-0.019245,2.41902e-08,344052,"3","ukb-d-30670_raw","rs6770483","C","T",0.6765,"Urea || id:ukb-d-30670_raw",TRUE,"reported","igd"
0.0044235,153766181,-0.025089,1.4142e-08,344052,"3","ukb-d-30670_raw","rs6800048","C","T",0.15782,"Urea || id:ukb-d-30670_raw",TRUE,"reported","igd"
0.0041584,169096263,0.039948,7.54571e-22,344052,"3","ukb-d-30670_raw","rs190875377","G","A",0.20235,"Urea || id:ukb-d-30670_raw",TRUE,"reported","igd"
0.0044726,187775100,-0.046334,3.81856e-25,344052,"3","ukb-d-30670_raw","rs10937339","G","A",0.84418,"Urea || id:ukb-d-30670_raw",TRUE,"reported","igd"
0.0032542,25101270,0.027646,1.97606e-17,344052,"3","ukb-d-30670_raw","rs4858696","T","C",0.56244,"Urea || id:ukb-d-30670_raw",TRUE,"reported","igd"
0.0040333,66821116,0.046078,3.19963e-30,344052,"3","ukb-d-30670_raw","rs6778633","C","T",0.20045,"Urea || id:ukb-d-30670_raw",TRUE,"reported","igd"
0.003475,187721537,-0.072608,6.93426e-97,344052,"3","ukb-d-30670_raw","rs9290867","A","T",0.3118,"Urea || id:ukb-d-30670_raw",TRUE,"reported","igd"
0.0032268,64786632,0.035763,1.52897e-28,344052,"3","ukb-d-30670_raw","rs2371753","C","T",0.51811,"Urea || id:ukb-d-30670_raw",TRUE,"reported","igd"
0.0032313,121678894,0.031127,5.83848e-22,344052,"3","ukb-d-30670_raw","rs78643247","CT","C",0.47852,"Urea || id:ukb-d-30670_raw",TRUE,"reported","igd"
0.0036313,135802439,-0.037767,2.4923e-25,344052,"3","ukb-d-30670_raw","rs6799320","A","G",0.27209,"Urea || id:ukb-d-30670_raw",TRUE,"reported","igd"
0.010934,65741310,0.063746,5.54064e-09,344052,"4","ukb-d-30670_raw","rs144866728","A","G",0.024431,"Urea || id:ukb-d-30670_raw",TRUE,"reported","igd"
0.010898,100239319,-0.095738,1.57072e-18,344052,"4","ukb-d-30670_raw","rs1229984","C","T",0.977726,"Urea || id:ukb-d-30670_raw",TRUE,"reported","igd"
0.010734,144355290,-0.069911,7.37564e-11,344052,"4","ukb-d-30670_raw","rs139323761","C","G",0.02565,"Urea || id:ukb-d-30670_raw",TRUE,"reported","igd"
0.0033438,39424895,0.023787,1.13032e-12,344052,"4","ukb-d-30670_raw","rs34193645","TA","T",0.37033,"Urea || id:ukb-d-30670_raw",TRUE,"reported","igd"
0.0032253,77394095,0.040064,2.03002e-35,344052,"4","ukb-d-30670_raw","rs10025351","T","C",0.45708,"Urea || id:ukb-d-30670_raw",TRUE,"reported","igd"
0.0032315,40436704,0.021946,1.11301e-11,344052,"4","ukb-d-30670_raw","rs11729899","G","A",0.51954,"Urea || id:ukb-d-30670_raw",TRUE,"reported","igd"
0.0032279,103799532,-0.020832,1.0927e-10,344052,"4","ukb-d-30670_raw","rs2850599","T","C",0.48411,"Urea || id:ukb-d-30670_raw",TRUE,"reported","igd"
0.003257,34507460,0.023202,1.05342e-12,344052,"5","ukb-d-30670_raw","rs1542069","G","A",0.46659,"Urea || id:ukb-d-30670_raw",TRUE,"reported","igd"
0.0073662,40170230,-0.054137,1.99572e-13,344052,"5","ukb-d-30670_raw","rs28875266","A","C",0.050779,"Urea || id:ukb-d-30670_raw",TRUE,"reported","igd"
0.0051015,53304991,-0.03076,1.64581e-09,344052,"5","ukb-d-30670_raw","rs80138475","T","C",0.11294,"Urea || id:ukb-d-30670_raw",TRUE,"reported","igd"
0.0036254,90226061,-0.024784,8.14517e-12,344052,"5","ukb-d-30670_raw","rs3105793","A","G",0.27185,"Urea || id:ukb-d-30670_raw",TRUE,"reported","igd"
0.0043813,699647,-0.029332,2.16123e-11,344052,"5","ukb-d-30670_raw","rs4957107","A","G",0.18691,"Urea || id:ukb-d-30670_raw",TRUE,"reported","igd"
0.0032415,34714255,-0.021609,2.62301e-11,344052,"5","ukb-d-30670_raw","rs7702499","G","A",0.47553,"Urea || id:ukb-d-30670_raw",TRUE,"reported","igd"
0.0036319,176797343,0.038242,6.38557e-26,344052,"5","ukb-d-30670_raw","rs4074995","A","G",0.26735,"Urea || id:ukb-d-30670_raw",TRUE,"reported","igd"
0.0048614,158476709,-0.028213,6.50055e-09,344052,"5","ukb-d-30670_raw","rs17645325","C","T",0.12528,"Urea || id:ukb-d-30670_raw",TRUE,"reported","igd"
0.0062256,40674979,-0.14217,2.40436e-115,344052,"5","ukb-d-30670_raw","rs11954639","T","C",0.071717,"Urea || id:ukb-d-30670_raw",TRUE,"reported","igd"
0.0035444,72390953,0.02721,1.63343e-14,344052,"5","ukb-d-30670_raw","rs200309443","CT","C",0.31447,"Urea || id:ukb-d-30670_raw",TRUE,"reported","igd"
0.0034332,72440930,0.043101,3.82648e-36,344052,"5","ukb-d-30670_raw","rs35425485","AT","A",0.32754,"Urea || id:ukb-d-30670_raw",TRUE,"reported","igd"
0.0032994,9528197,-0.019325,4.71097e-09,344052,"6","ukb-d-30670_raw","rs9463365","T","C",0.60798,"Urea || id:ukb-d-30670_raw",TRUE,"reported","igd"
0.0038079,32521951,0.021692,1.22309e-08,344052,"6","ukb-d-30670_raw","rs73397416","C","A",0.3241,"Urea || id:ukb-d-30670_raw",TRUE,"reported","igd"
0.0032382,127446790,0.043519,3.6509e-41,344052,"6","ukb-d-30670_raw","rs9482772","C","T",0.45068,"Urea || id:ukb-d-30670_raw",TRUE,"reported","igd"
0.0032611,166421127,-0.049833,1.06341e-52,344052,"6","ukb-d-30670_raw","rs300143","G","A",0.42595,"Urea || id:ukb-d-30670_raw",TRUE,"reported","igd"
0.0035441,43345803,-0.021026,2.98408e-09,344052,"6","ukb-d-30670_raw","rs7742789","T","C",0.28934,"Urea || id:ukb-d-30670_raw",TRUE,"reported","igd"
0.0032711,51071837,-0.023135,1.52651e-12,344052,"6","ukb-d-30670_raw","rs9296650","A","G",0.44024,"Urea || id:ukb-d-30670_raw",TRUE,"reported","igd"
0.0033626,52625041,0.028395,3.06902e-17,344052,"6","ukb-d-30670_raw","rs2608627","T","C",0.64594,"Urea || id:ukb-d-30670_raw",TRUE,"reported","igd"
0.0045576,154983792,-0.027311,2.0699e-09,344052,"6","ukb-d-30670_raw","rs1554447","T","C",0.85225,"Urea || id:ukb-d-30670_raw",TRUE,"reported","igd"
0.0035457,134196674,0.019622,3.13119e-08,344052,"6","ukb-d-30670_raw","rs12524865","A","C",0.29048,"Urea || id:ukb-d-30670_raw",TRUE,"reported","igd"
0.0033427,17284577,-0.021229,2.14551e-10,344052,"7","ukb-d-30670_raw","rs4410790","C","T",0.63426,"Urea || id:ukb-d-30670_raw",TRUE,"reported","igd"
0.0034143,26416637,-0.01993,5.31068e-09,344052,"7","ukb-d-30670_raw","rs201871983","GCT","G",0.35199,"Urea || id:ukb-d-30670_raw",TRUE,"reported","igd"
0.0034292,101231082,-0.033397,2.06919e-22,344052,"7","ukb-d-30670_raw","rs56240036","T","C",0.3309,"Urea || id:ukb-d-30670_raw",TRUE,"reported","igd"
0.0035932,1286192,0.066798,4.21502e-77,344052,"7","ukb-d-30670_raw","rs13230509","C","G",0.6923,"Urea || id:ukb-d-30670_raw",TRUE,"reported","igd"
0.0033272,46753491,0.019273,6.93825e-09,344052,"7","ukb-d-30670_raw","rs700750","A","C",0.6289,"Urea || id:ukb-d-30670_raw",TRUE,"reported","igd"
0.0039668,106628948,-0.023173,5.16571e-09,344052,"7","ukb-d-30670_raw","rs6969701","C","T",0.77959,"Urea || id:ukb-d-30670_raw",TRUE,"reported","igd"
0.0032616,626879,0.024307,9.18333e-14,344052,"7","ukb-d-30670_raw","rs13240042","C","G",0.56995,"Urea || id:ukb-d-30670_raw",TRUE,"reported","igd"
0.0047935,73020337,-0.03173,3.61576e-11,344052,"7","ukb-d-30670_raw","rs3812316","G","C",0.12892,"Urea || id:ukb-d-30670_raw",TRUE,"reported","igd"
0.0035511,151414329,0.064285,3.26738e-73,344052,"7","ukb-d-30670_raw","rs10265221","C","T",0.28716,"Urea || id:ukb-d-30670_raw",TRUE,"reported","igd"
0.0035801,77537964,-0.023943,2.2683e-11,344052,"7","ukb-d-30670_raw","rs848494","A","G",0.72011,"Urea || id:ukb-d-30670_raw",TRUE,"reported","igd"
0.0038841,30386410,0.026104,1.80926e-11,344052,"8","ukb-d-30670_raw","rs140225446","AT","A",0.22402,"Urea || id:ukb-d-30670_raw",TRUE,"reported","igd"
0.0032897,81814779,0.0189,9.19878e-09,344052,"8","ukb-d-30670_raw","rs10957986","T","C",0.41324,"Urea || id:ukb-d-30670_raw",TRUE,"reported","igd"
0.0036596,127495576,-0.039821,1.42988e-27,344052,"8","ukb-d-30670_raw","rs6998726","A","G",0.72262,"Urea || id:ukb-d-30670_raw",TRUE,"reported","igd"
0.0042101,66948383,0.027808,3.98016e-11,344052,"8","ukb-d-30670_raw","rs17398736","G","C",0.18211,"Urea || id:ukb-d-30670_raw",TRUE,"reported","igd"
0.0032585,23759535,0.037549,1.02e-30,344052,"8","ukb-d-30670_raw","rs7834797","A","G",0.57885,"Urea || id:ukb-d-30670_raw",TRUE,"reported","igd"
0.003227,15698391,0.021713,1.71514e-11,344052,"9","ukb-d-30670_raw","rs10962119","C","T",0.50793,"Urea || id:ukb-d-30670_raw",TRUE,"reported","igd"
0.0041619,136149711,0.027609,3.28095e-11,344052,"9","ukb-d-30670_raw","rs115478735","T","A",0.18376,"Urea || id:ukb-d-30670_raw",TRUE,"reported","igd"
0.0033028,112801574,-0.019311,5.01487e-09,344052,"9","ukb-d-30670_raw","rs571717","C","T",0.61325,"Urea || id:ukb-d-30670_raw",TRUE,"reported","igd"
0.0032868,71434707,-0.019532,2.80989e-09,344052,"9","ukb-d-30670_raw","rs4744712","C","A",0.60155,"Urea || id:ukb-d-30670_raw",TRUE,"reported","igd"
0.0041156,29200129,-0.035036,1.70137e-17,344052,"10","ukb-d-30670_raw","rs703033","C","G",0.19184,"Urea || id:ukb-d-30670_raw",TRUE,"reported","igd"
0.0032298,60276182,-0.020513,2.13939e-10,344052,"10","ukb-d-30670_raw","rs1896244","G","A",0.45544,"Urea || id:ukb-d-30670_raw",TRUE,"reported","igd"
0.0036484,75979691,-0.0264,4.62701e-13,344052,"10","ukb-d-30670_raw","rs11000927","G","T",0.7355,"Urea || id:ukb-d-30670_raw",TRUE,"reported","igd"
0.006283,82008141,0.038538,8.59666e-10,344052,"10","ukb-d-30670_raw","rs12412999","T","C",0.07103,"Urea || id:ukb-d-30670_raw",TRUE,"reported","igd"
0.006087,102720754,0.034997,8.96272e-09,344052,"10","ukb-d-30670_raw","rs11190767","A","T",0.077723,"Urea || id:ukb-d-30670_raw",TRUE,"reported","igd"
0.0036563,76176328,-0.027817,2.7964e-14,344052,"10","ukb-d-30670_raw","rs11380814","GT","G",0.71227,"Urea || id:ukb-d-30670_raw",TRUE,"reported","igd"
0.003257,63811678,-0.019502,2.13211e-09,344052,"10","ukb-d-30670_raw","rs10821949","C","T",0.55603,"Urea || id:ukb-d-30670_raw",TRUE,"reported","igd"
0.0036398,126419743,-0.023659,8.04452e-11,344052,"10","ukb-d-30670_raw","rs12247543","C","G",0.26836,"Urea || id:ukb-d-30670_raw",TRUE,"reported","igd"
0.0058415,899071,0.040162,6.19584e-12,344052,"10","ukb-d-30670_raw","rs80282103","T","A",0.083804,"Urea || id:ukb-d-30670_raw",TRUE,"reported","igd"
0.0038847,65569444,0.030181,7.90679e-15,344052,"11","ukb-d-30670_raw","rs71197355","T","G",0.22173,"Urea || id:ukb-d-30670_raw",TRUE,"reported","igd"
0.003733,121604656,-0.02056,3.63622e-08,344052,"11","ukb-d-30670_raw","rs7115520","T","C",0.75211,"Urea || id:ukb-d-30670_raw",TRUE,"reported","igd"
0.0044897,47255598,0.031908,1.18878e-12,344052,"11","ukb-d-30670_raw","rs326224","C","T",0.84755,"Urea || id:ukb-d-30670_raw",TRUE,"reported","igd"
0.0032723,69231923,0.026933,1.87025e-16,344052,"11","ukb-d-30670_raw","rs4980784","G","A",0.59255,"Urea || id:ukb-d-30670_raw",TRUE,"reported","igd"
0.0038292,2179204,-0.031242,3.39234e-16,344052,"11","ukb-d-30670_raw","rs3842763","T","G",0.23752,"Urea || id:ukb-d-30670_raw",TRUE,"reported","igd"
0.0032267,30749090,-0.044273,7.81448e-43,344052,"11","ukb-d-30670_raw","rs963837","C","T",0.4529,"Urea || id:ukb-d-30670_raw",TRUE,"reported","igd"
0.0032212,34538322,-0.01862,7.45607e-09,344052,"11","ukb-d-30670_raw","rs11032737","T","C",0.48432,"Urea || id:ukb-d-30670_raw",TRUE,"reported","igd"
0.0036225,86644746,0.02437,1.73061e-11,344052,"11","ukb-d-30670_raw","rs3740666","C","G",0.73121,"Urea || id:ukb-d-30670_raw",TRUE,"reported","igd"
0.0044675,128715121,0.029465,4.24424e-11,344052,"11","ukb-d-30670_raw","rs619399","A","C",0.15393,"Urea || id:ukb-d-30670_raw",TRUE,"reported","igd"
0.0032637,42855390,-0.020978,1.2961e-10,344052,"12","ukb-d-30670_raw","rs4768411","G","A",0.5852,"Urea || id:ukb-d-30670_raw",TRUE,"reported","igd"
0.0050972,52314388,0.028339,2.7039e-08,344052,"12","ukb-d-30670_raw","rs2277383","G","T",0.11301,"Urea || id:ukb-d-30670_raw",TRUE,"reported","igd"
0.0032281,122511754,0.018504,9.91699e-09,344052,"12","ukb-d-30670_raw","rs34741056","C","T",0.53383,"Urea || id:ukb-d-30670_raw",TRUE,"reported","igd"
0.0041019,47186260,0.033467,3.38766e-16,344052,"12","ukb-d-30670_raw","rs2465585","G","A",0.1896,"Urea || id:ukb-d-30670_raw",TRUE,"reported","igd"
0.0041562,56865338,0.046557,4.04669e-29,344052,"12","ukb-d-30670_raw","rs2657879","G","A",0.18234,"Urea || id:ukb-d-30670_raw",TRUE,"reported","igd"
0.0039928,15346379,-0.026114,6.14611e-11,344052,"12","ukb-d-30670_raw","rs35949897","T","C",0.20433,"Urea || id:ukb-d-30670_raw",TRUE,"reported","igd"
0.0038296,57714803,-0.044518,3.12392e-31,344052,"12","ukb-d-30670_raw","rs7484541","T","A",0.22805,"Urea || id:ukb-d-30670_raw",TRUE,"reported","igd"
0.003544,121435427,0.028846,3.98841e-16,344052,"12","ukb-d-30670_raw","rs2464196","A","G",0.29079,"Urea || id:ukb-d-30670_raw",TRUE,"reported","igd"
0.003529,51094114,0.022099,3.79971e-10,344052,"13","ukb-d-30670_raw","rs9316500","G","T",0.29456,"Urea || id:ukb-d-30670_raw",TRUE,"reported","igd"
0.0040611,73716824,-0.023107,1.2728e-08,344052,"13","ukb-d-30670_raw","rs7489384","G","A",0.804,"Urea || id:ukb-d-30670_raw",TRUE,"reported","igd"
0.0036137,111096037,0.025195,3.12968e-12,344052,"13","ukb-d-30670_raw","rs61963240","G","T",0.27572,"Urea || id:ukb-d-30670_raw",TRUE,"reported","igd"
0.0032722,96570207,-0.018118,3.07829e-08,344052,"13","ukb-d-30670_raw","rs9525081","G","C",0.40936,"Urea || id:ukb-d-30670_raw",TRUE,"reported","igd"
0.0032945,72345089,0.031104,3.70169e-21,344052,"13","ukb-d-30670_raw","rs9529913","T","C",0.60193,"Urea || id:ukb-d-30670_raw",TRUE,"reported","igd"
0.0033221,66187962,-0.018275,3.77424e-08,344052,"14","ukb-d-30670_raw","rs34050977","TA","T",0.59072,"Urea || id:ukb-d-30670_raw",TRUE,"reported","igd"
0.0032405,102995668,-0.019089,3.85132e-09,344052,"14","ukb-d-30670_raw","rs4906214","A","C",0.55076,"Urea || id:ukb-d-30670_raw",TRUE,"reported","igd"
0.011637,77169485,-0.06933,2.55611e-09,344052,"15","ukb-d-30670_raw","rs146346574","A","G",0.019686,"Urea || id:ukb-d-30670_raw",TRUE,"reported","igd"
0.0035506,61187068,0.025402,8.41977e-13,344052,"15","ukb-d-30670_raw","rs729977","T","C",0.28694,"Urea || id:ukb-d-30670_raw",TRUE,"reported","igd"
0.012262,76595239,-0.080089,6.52229e-11,344052,"15","ukb-d-30670_raw","rs3991792","A","G",0.017559,"Urea || id:ukb-d-30670_raw",TRUE,"reported","igd"
0.0038454,53907948,-0.026352,7.24603e-12,344052,"15","ukb-d-30670_raw","rs17730281","A","G",0.22505,"Urea || id:ukb-d-30670_raw",TRUE,"reported","igd"
0.0032159,76298132,0.047933,3.16228e-50,344052,"15","ukb-d-30670_raw","rs4886755","G","A",0.51206,"Urea || id:ukb-d-30670_raw",TRUE,"reported","igd"
0.0033529,99285056,-0.028754,9.87416e-18,344052,"15","ukb-d-30670_raw","rs4966021","T","C",0.63789,"Urea || id:ukb-d-30670_raw",TRUE,"reported","igd"
0.0038483,51752051,0.025009,8.10774e-11,344052,"16","ukb-d-30670_raw","rs1585528","C","T",0.22683,"Urea || id:ukb-d-30670_raw",TRUE,"reported","igd"
0.0032935,53812433,0.024212,1.96291e-13,344052,"16","ukb-d-30670_raw","rs8063057","C","T",0.39459,"Urea || id:ukb-d-30670_raw",TRUE,"reported","igd"
0.0033557,709001,0.020161,1.88031e-09,344052,"16","ukb-d-30670_raw","rs4984906","A","C",0.35839,"Urea || id:ukb-d-30670_raw",TRUE,"reported","igd"
0.0046473,69836668,-0.026951,6.66331e-09,344052,"16","ukb-d-30670_raw","rs10400956","G","A",0.86033,"Urea || id:ukb-d-30670_raw",TRUE,"reported","igd"
0.0034222,69536569,0.028022,2.65399e-16,344052,"16","ukb-d-30670_raw","rs4783711","T","A",0.48953,"Urea || id:ukb-d-30670_raw",TRUE,"reported","igd"
0.0040742,20392332,-0.047187,5.15229e-31,344052,"16","ukb-d-30670_raw","rs77924615","A","G",0.19764,"Urea || id:ukb-d-30670_raw",TRUE,"reported","igd"
0.0051198,89772265,0.032234,3.05907e-10,344052,"16","ukb-d-30670_raw","rs149082870","A","G",0.11375,"Urea || id:ukb-d-30670_raw",TRUE,"reported","igd"
0.0035977,53231572,0.026697,1.16896e-13,344052,"16","ukb-d-30670_raw","rs140745645","CT","C",0.28879,"Urea || id:ukb-d-30670_raw",TRUE,"reported","igd"
0.0033484,36170774,-0.02301,6.34162e-12,344052,"17","ukb-d-30670_raw","rs1113499","A","T",0.63826,"Urea || id:ukb-d-30670_raw",TRUE,"reported","igd"
0.010129,7185779,0.061371,1.3712e-09,344052,"17","ukb-d-30670_raw","rs117643180","A","C",0.026116,"Urea || id:ukb-d-30670_raw",TRUE,"reported","igd"
0.0034038,44987045,-0.038214,3.05211e-29,344052,"17","ukb-d-30670_raw","rs4461138","G","T",0.66065,"Urea || id:ukb-d-30670_raw",TRUE,"reported","igd"
0.0039122,59269257,0.027677,1.50141e-12,344052,"17","ukb-d-30670_raw","rs12940987","A","G",0.7845,"Urea || id:ukb-d-30670_raw",TRUE,"reported","igd"
0.0034021,65579733,-0.041667,1.76035e-34,344052,"17","ukb-d-30670_raw","rs28465123","C","A",0.3358,"Urea || id:ukb-d-30670_raw",TRUE,"reported","igd"
0.0039264,36047417,-0.043802,6.79829e-29,344052,"17","ukb-d-30670_raw","rs3110641","G","A",0.7838,"Urea || id:ukb-d-30670_raw",TRUE,"reported","igd"
0.0034706,47379581,0.020386,4.26069e-09,344052,"17","ukb-d-30670_raw","rs2960172","A","G",0.31289,"Urea || id:ukb-d-30670_raw",TRUE,"reported","igd"
0.0037534,80189895,0.033522,4.23545e-19,344052,"17","ukb-d-30670_raw","rs79034755","T","C",0.24702,"Urea || id:ukb-d-30670_raw",TRUE,"reported","igd"
0.0032685,77160235,0.032738,1.30167e-23,344052,"18","ukb-d-30670_raw","rs56376587","C","A",0.48834,"Urea || id:ukb-d-30670_raw",TRUE,"reported","igd"
0.0047256,3640786,-0.027953,3.31887e-09,344052,"18","ukb-d-30670_raw","rs62083214","T","C",0.13517,"Urea || id:ukb-d-30670_raw",TRUE,"reported","igd"
0.0071673,43206985,0.079375,1.68384e-28,344052,"18","ukb-d-30670_raw","rs1484873","G","A",0.946775,"Urea || id:ukb-d-30670_raw",TRUE,"reported","igd"
0.012269,43262408,0.18206,8.51334e-50,344052,"18","ukb-d-30670_raw","rs41301139","A","G",0.017471,"Urea || id:ukb-d-30670_raw",TRUE,"reported","igd"
0.003364,45667057,0.027994,8.70763e-17,344052,"18","ukb-d-30670_raw","rs8098626","G","C",0.64581,"Urea || id:ukb-d-30670_raw",TRUE,"reported","igd"
0.0032902,24449049,0.022433,9.23422e-12,344052,"18","ukb-d-30670_raw","rs151245","T","G",0.60186,"Urea || id:ukb-d-30670_raw",TRUE,"reported","igd"
0.0041493,7332830,-0.023702,1.11501e-08,344052,"19","ukb-d-30670_raw","rs55950295","A","G",0.1948,"Urea || id:ukb-d-30670_raw",TRUE,"reported","igd"
0.0033298,49259529,0.052244,1.8514e-55,344052,"19","ukb-d-30670_raw","rs838133","G","A",0.54815,"Urea || id:ukb-d-30670_raw",TRUE,"reported","igd"
0.0040635,46181392,-0.059935,3.20184e-49,344052,"19","ukb-d-30670_raw","rs1800437","C","G",0.19297,"Urea || id:ukb-d-30670_raw",TRUE,"reported","igd"
0.0035142,8315317,-0.019492,2.913e-08,344052,"20","ukb-d-30670_raw","rs6055748","G","A",0.30799,"Urea || id:ukb-d-30670_raw",TRUE,"reported","igd"
0.0033728,57458104,-0.023425,3.7853e-12,344052,"20","ukb-d-30670_raw","rs60865276","T","G",0.363,"Urea || id:ukb-d-30670_raw",TRUE,"reported","igd"
0.0036673,52731402,-0.033587,5.28689e-20,344052,"20","ukb-d-30670_raw","rs6127099","T","A",0.27852,"Urea || id:ukb-d-30670_raw",TRUE,"reported","igd"
0.0032606,35356934,0.020766,1.90911e-10,344052,"21","ukb-d-30670_raw","rs7278695","G","A",0.43698,"Urea || id:ukb-d-30670_raw",TRUE,"reported","igd"
0.0034143,16576783,0.025301,1.26474e-13,344052,"21","ukb-d-30670_raw","rs2823139","A","G",0.33843,"Urea || id:ukb-d-30670_raw",TRUE,"reported","igd"
0.0036446,37833751,-0.04098,2.50842e-29,344052,"21","ukb-d-30670_raw","rs219779","A","G",0.26366,"Urea || id:ukb-d-30670_raw",TRUE,"reported","igd"
0.0032142,41929175,-0.02269,1.6761e-12,344052,"22","ukb-d-30670_raw","rs2076198","G","T",0.51806,"Urea || id:ukb-d-30670_raw",TRUE,"reported","igd"
0.0029565,100784211,0.028787,2.11398e-22,344052,"X","ukb-d-30670_raw","rs5951348","A","C",0.7168,"Urea || id:ukb-d-30670_raw",TRUE,"reported","igd"
