"beta.exposure","pos.exposure","se.exposure","chr.exposure","pval.exposure","samplesize.exposure","id.exposure","SNP","effect_allele.exposure","other_allele.exposure","eaf.exposure","exposure","mr_keep.exposure","pval_origin.exposure","data_source.exposure"
0.00613407,219734960,0.00064568,"1",2.10766e-21,361194,"ukb-d-K11_HERNIA","rs2820441","C","A",0.31878,"Hernia || id:ukb-d-K11_HERNIA",TRUE,"reported","igd"
0.00342541,51477643,0.000609405,"1",1.90095e-08,361194,"ukb-d-K11_HERNIA","rs13376700","A","T",0.434653,"Hernia || id:ukb-d-K11_HERNIA",TRUE,"reported","igd"
-0.00722763,56096892,0.000720005,"2",1.04184e-23,361194,"ukb-d-K11_HERNIA","rs3791679","G","A",0.225641,"Hernia || id:ukb-d-K11_HERNIA",TRUE,"reported","igd"
-0.00397175,25075675,0.000610527,"2",7.75711e-11,361194,"ukb-d-K11_HERNIA","rs7597332","G","A",0.4277,"Hernia || id:ukb-d-K11_HERNIA",TRUE,"reported","igd"
0.00376245,174591579,0.000617981,"4",1.14235e-09,361194,"ukb-d-K11_HERNIA","rs6841699","C","T",0.384663,"Hernia || id:ukb-d-K11_HERNIA",TRUE,"reported","igd"
0.00344804,4915211,0.000609876,"4",1.57174e-08,361194,"ukb-d-K11_HERNIA","rs4528997","C","T",0.577206,"Hernia || id:ukb-d-K11_HERNIA",TRUE,"reported","igd"
0.00432291,64355060,0.000639926,"5",1.42725e-11,361194,"ukb-d-K11_HERNIA","rs370763","A","T",0.668054,"Hernia || id:ukb-d-K11_HERNIA",TRUE,"reported","igd"
-0.00366587,117507521,0.00062001,"6",3.37047e-09,361194,"ukb-d-K11_HERNIA","rs7762391","C","A",0.616924,"Hernia || id:ukb-d-K11_HERNIA",TRUE,"reported","igd"
-0.00532671,28809038,0.000929761,"6",1.01035e-08,361194,"ukb-d-K11_HERNIA","rs3132394","G","T",0.119705,"Hernia || id:ukb-d-K11_HERNIA",TRUE,"reported","igd"
-0.00485975,143653287,0.000611748,"6",1.96291e-15,361194,"ukb-d-K11_HERNIA","rs6917403","G","A",0.575838,"Hernia || id:ukb-d-K11_HERNIA",TRUE,"reported","igd"
0.00742359,73452911,0.00125553,"7",3.36845e-09,361194,"ukb-d-K11_HERNIA","rs3801458","A","G",0.0615374,"Hernia || id:ukb-d-K11_HERNIA",TRUE,"reported","igd"
0.00489963,25732963,0.000617221,"8",2.05731e-15,361194,"ukb-d-K11_HERNIA","rs4131259","C","A",0.404026,"Hernia || id:ukb-d-K11_HERNIA",TRUE,"reported","igd"
-0.00651884,32458807,0.000623757,"11",1.46319e-25,361194,"ukb-d-K11_HERNIA","rs3809060","T","G",0.374698,"Hernia || id:ukb-d-K11_HERNIA",TRUE,"reported","igd"
0.00349194,84856552,0.000612638,"16",1.20011e-08,361194,"ukb-d-K11_HERNIA","rs4238714","C","T",0.415533,"Hernia || id:ukb-d-K11_HERNIA",TRUE,"reported","igd"
