"samplesize.exposure","beta.exposure","pos.exposure","pval.exposure","se.exposure","chr.exposure","id.exposure","SNP","effect_allele.exposure","other_allele.exposure","eaf.exposure","exposure","mr_keep.exposure","pval_origin.exposure","data_source.exposure"
361194,-0.00446582,114303808,3.02086e-09,0.000753012,"1","ukb-d-C_OTHER_SKIN","rs6679677","A","C",0.102468,"Other malignant neoplasms of skin || id:ukb-d-C_OTHER_SKIN",TRUE,"reported","igd"
361194,0.0078565,228994388,2.97509e-48,0.000538182,"1","ukb-d-C_OTHER_SKIN","rs12070203","T","C",0.243666,"Other malignant neoplasms of skin || id:ukb-d-C_OTHER_SKIN",TRUE,"reported","igd"
361194,0.00643643,17744531,8.16394e-42,0.00047503,"1","ukb-d-C_OTHER_SKIN","rs60960598","AT","A",0.367652,"Other malignant neoplasms of skin || id:ukb-d-C_OTHER_SKIN",TRUE,"reported","igd"
361194,-0.00638972,16490831,1.36333e-17,0.00074833,"2","ukb-d-C_OTHER_SKIN","rs340797","T","G",0.104346,"Other malignant neoplasms of skin || id:ukb-d-C_OTHER_SKIN",TRUE,"reported","igd"
361194,-0.00618429,202165206,8.65566e-33,0.000518501,"2","ukb-d-C_OTHER_SKIN","rs2080303","C","T",0.732716,"Other malignant neoplasms of skin || id:ukb-d-C_OTHER_SKIN",TRUE,"reported","igd"
361194,-0.00739584,88554351,3.83531e-15,0.000940883,"2","ukb-d-C_OTHER_SKIN","rs6707137","A","G",0.0635871,"Other malignant neoplasms of skin || id:ukb-d-C_OTHER_SKIN",TRUE,"reported","igd"
361194,0.00892986,7704860,4.17667e-10,0.00142936,"2","ukb-d-C_OTHER_SKIN","rs79522206","A","G",0.0262435,"Other malignant neoplasms of skin || id:ukb-d-C_OTHER_SKIN",TRUE,"reported","igd"
361194,-0.00372723,38298139,2.2586e-10,0.000587629,"2","ukb-d-C_OTHER_SKIN","rs1800440","C","T",0.186198,"Other malignant neoplasms of skin || id:ukb-d-C_OTHER_SKIN",TRUE,"reported","igd"
361194,0.00342798,204745003,9.39723e-14,0.000460168,"2","ukb-d-C_OTHER_SKIN","rs11571297","C","T",0.489155,"Other malignant neoplasms of skin || id:ukb-d-C_OTHER_SKIN",TRUE,"reported","igd"
361194,0.00450691,71503479,2.22433e-22,0.00046312,"3","ukb-d-C_OTHER_SKIN","rs11707890","G","T",0.434104,"Other malignant neoplasms of skin || id:ukb-d-C_OTHER_SKIN",TRUE,"reported","igd"
361194,0.0136416,33951693,4.47713e-19,0.00152847,"5","ukb-d-C_OTHER_SKIN","rs16891982","G","C",0.977159,"Other malignant neoplasms of skin || id:ukb-d-C_OTHER_SKIN",TRUE,"reported","igd"
361194,-0.00507235,1320136,3.62911e-28,0.000460888,"5","ukb-d-C_OTHER_SKIN","rs421629","A","G",0.436555,"Other malignant neoplasms of skin || id:ukb-d-C_OTHER_SKIN",TRUE,"reported","igd"
361194,0.00604335,32582194,2.58345e-18,0.000692342,"6","ukb-d-C_OTHER_SKIN","rs4532479","A","C",0.14031,"Other malignant neoplasms of skin || id:ukb-d-C_OTHER_SKIN",TRUE,"reported","igd"
361194,0.00296555,167422603,2.51183e-10,0.000468755,"6","ukb-d-C_OTHER_SKIN","rs138783046","G","GGCGCGGTGGCTCATGCCTGT",0.40379,"Other malignant neoplasms of skin || id:ukb-d-C_OTHER_SKIN",TRUE,"reported","igd"
361194,0.00440739,403799,1.12435e-21,0.000460764,"6","ukb-d-C_OTHER_SKIN","rs3778607","G","A",0.548456,"Other malignant neoplasms of skin || id:ukb-d-C_OTHER_SKIN",TRUE,"reported","igd"
361194,0.0031182,22057566,2.627e-10,0.000493425,"6","ukb-d-C_OTHER_SKIN","rs55775505","T","C",0.313729,"Other malignant neoplasms of skin || id:ukb-d-C_OTHER_SKIN",TRUE,"reported","igd"
361194,0.006232,32543376,6.44911e-18,0.000722573,"6","ukb-d-C_OTHER_SKIN","rs72847652","T","C",0.117071,"Other malignant neoplasms of skin || id:ukb-d-C_OTHER_SKIN",TRUE,"reported","igd"
361194,0.00338687,493976,4.65479e-11,0.000514584,"6","ukb-d-C_OTHER_SKIN","rs950039","A","G",0.715418,"Other malignant neoplasms of skin || id:ukb-d-C_OTHER_SKIN",TRUE,"reported","igd"
361194,-0.00504868,453415,3.0137e-27,0.000466905,"6","ukb-d-C_OTHER_SKIN","rs9392026","A","G",0.590533,"Other malignant neoplasms of skin || id:ukb-d-C_OTHER_SKIN",TRUE,"reported","igd"
361194,-0.00458019,90976768,1.29181e-14,0.000594293,"6","ukb-d-C_OTHER_SKIN","rs72928038","A","G",0.18042,"Other malignant neoplasms of skin || id:ukb-d-C_OTHER_SKIN",TRUE,"reported","igd"
361194,-0.0085059,29132279,4.77419e-11,0.00129308,"7","ukb-d-C_OTHER_SKIN","rs117744081","G","A",0.032315,"Other malignant neoplasms of skin || id:ukb-d-C_OTHER_SKIN",TRUE,"reported","igd"
361194,-0.00422222,101421000,1.44544e-15,0.000528976,"7","ukb-d-C_OTHER_SKIN","rs73183650","T","A",0.250245,"Other malignant neoplasms of skin || id:ukb-d-C_OTHER_SKIN",TRUE,"reported","igd"
361194,-0.00430295,130585553,6.9024e-18,0.000499358,"7","ukb-d-C_OTHER_SKIN","rs157935","G","T",0.303236,"Other malignant neoplasms of skin || id:ukb-d-C_OTHER_SKIN",TRUE,"reported","igd"
361194,-0.0060504,101047448,1.29509e-21,0.0006335,"8","ukb-d-C_OTHER_SKIN","rs28884287","T","C",0.154178,"Other malignant neoplasms of skin || id:ukb-d-C_OTHER_SKIN",TRUE,"reported","igd"
361194,-0.00357869,81391683,4.08348e-10,0.000572501,"8","ukb-d-C_OTHER_SKIN","rs10102591","T","G",0.200269,"Other malignant neoplasms of skin || id:ukb-d-C_OTHER_SKIN",TRUE,"reported","igd"
361194,-0.00978499,77483430,7.70726e-25,0.000950724,"8","ukb-d-C_OTHER_SKIN","rs35251485","A","G",0.0629767,"Other malignant neoplasms of skin || id:ukb-d-C_OTHER_SKIN",TRUE,"reported","igd"
361194,0.00345344,16864521,1.8906e-13,0.000469434,"9","ukb-d-C_OTHER_SKIN","rs2153271","T","C",0.614605,"Other malignant neoplasms of skin || id:ukb-d-C_OTHER_SKIN",TRUE,"reported","igd"
361194,-0.00442798,22053687,3.87882e-22,0.000457678,"9","ukb-d-C_OTHER_SKIN","rs10965219","G","A",0.477727,"Other malignant neoplasms of skin || id:ukb-d-C_OTHER_SKIN",TRUE,"reported","igd"
361194,-0.00732758,16529554,5.31741e-13,0.00101529,"9","ukb-d-C_OTHER_SKIN","rs10962474","T","C",0.0544746,"Other malignant neoplasms of skin || id:ukb-d-C_OTHER_SKIN",TRUE,"reported","igd"
361194,-0.00787306,8964984,1.53003e-28,0.000710361,"10","ukb-d-C_OTHER_SKIN","rs79134926","T","G",0.117129,"Other malignant neoplasms of skin || id:ukb-d-C_OTHER_SKIN",TRUE,"reported","igd"
361194,0.00531733,89017961,9.69617e-27,0.000496698,"11","ukb-d-C_OTHER_SKIN","rs1126809","A","G",0.306642,"Other malignant neoplasms of skin || id:ukb-d-C_OTHER_SKIN",TRUE,"reported","igd"
361194,0.00293622,64107477,1.19525e-09,0.000482848,"11","ukb-d-C_OTHER_SKIN","rs479777","C","T",0.342511,"Other malignant neoplasms of skin || id:ukb-d-C_OTHER_SKIN",TRUE,"reported","igd"
361194,0.00753164,52906035,7.8361e-21,0.000804455,"12","ukb-d-C_OTHER_SKIN","rs11611584","A","C",0.0904973,"Other malignant neoplasms of skin || id:ukb-d-C_OTHER_SKIN",TRUE,"reported","igd"
361194,0.00640416,89986144,1.52335e-15,0.000802989,"16","ukb-d-C_OTHER_SKIN","rs1805008","T","C",0.0889273,"Other malignant neoplasms of skin || id:ukb-d-C_OTHER_SKIN",TRUE,"reported","igd"
361194,0.0120763,89986117,3.87882e-59,0.000744572,"16","ukb-d-C_OTHER_SKIN","rs1805007","T","C",0.104538,"Other malignant neoplasms of skin || id:ukb-d-C_OTHER_SKIN",TRUE,"reported","igd"
361194,-0.00595476,90160829,1.34772e-11,0.000880408,"16","ukb-d-C_OTHER_SKIN","rs62052673","A","G",0.0783916,"Other malignant neoplasms of skin || id:ukb-d-C_OTHER_SKIN",TRUE,"reported","igd"
361194,0.0175174,7571752,5.96898e-17,0.00209381,"17","ukb-d-C_OTHER_SKIN","rs78378222","G","T",0.0125893,"Other malignant neoplasms of skin || id:ukb-d-C_OTHER_SKIN",TRUE,"reported","igd"
361194,0.00301425,1106477,2.89381e-08,0.000543317,"19","ukb-d-C_OTHER_SKIN","rs8178977","C","G",0.231173,"Other malignant neoplasms of skin || id:ukb-d-C_OTHER_SKIN",TRUE,"reported","igd"
361194,-0.00779691,2290333,3.08177e-39,0.000594885,"20","ukb-d-C_OTHER_SKIN","rs214803","A","C",0.82057,"Other malignant neoplasms of skin || id:ukb-d-C_OTHER_SKIN",TRUE,"reported","igd"
361194,-0.00575203,2182626,8.16394e-14,0.000770228,"20","ukb-d-C_OTHER_SKIN","rs13043023","C","T",0.0995005,"Other malignant neoplasms of skin || id:ukb-d-C_OTHER_SKIN",TRUE,"reported","igd"
361194,-0.00991083,32665748,5.90337e-39,0.000759033,"20","ukb-d-C_OTHER_SKIN","rs6059655","G","A",0.894181,"Other malignant neoplasms of skin || id:ukb-d-C_OTHER_SKIN",TRUE,"reported","igd"
361194,-0.00443457,49399007,1.48354e-16,0.000536988,"20","ukb-d-C_OTHER_SKIN","rs62202837","T","C",0.241469,"Other malignant neoplasms of skin || id:ukb-d-C_OTHER_SKIN",TRUE,"reported","igd"
361194,-0.00407147,43089086,1.27174e-16,0.000491927,"21","ukb-d-C_OTHER_SKIN","rs2849699","G","C",0.319367,"Other malignant neoplasms of skin || id:ukb-d-C_OTHER_SKIN",TRUE,"reported","igd"
