"samplesize.exposure","beta.exposure","chr.exposure","pval.exposure","se.exposure","pos.exposure","id.exposure","SNP","effect_allele.exposure","other_allele.exposure","eaf.exposure","exposure","mr_keep.exposure","pval_origin.exposure","data_source.exposure"
361194,0.0025867,"1",3.21899e-06,0.000555516,57974612,"ukb-d-H7_MACULADEGEN","rs141657977","C","T",0.0139476," || id:ukb-d-H7_MACULADEGEN",TRUE,"reported","igd"
361194,0.00142885,"1",1.22312e-07,0.000270099,188282718,"ukb-d-H7_MACULADEGEN","rs4403590","A","C",0.0622486," || id:ukb-d-H7_MACULADEGEN",TRUE,"reported","igd"
361194,0.000614694,"1",1.05211e-06,0.000125918,44918332,"ukb-d-H7_MACULADEGEN","rs12411163","A","G",0.441957," || id:ukb-d-H7_MACULADEGEN",TRUE,"reported","igd"
361194,0.00241815,"2",1.27257e-06,0.000499198,208875178,"ukb-d-H7_MACULADEGEN","rs114118057","A","G",0.0169678," || id:ukb-d-H7_MACULADEGEN",TRUE,"reported","igd"
361194,0.0016372,"3",1.64244e-06,0.00034157,125199103,"ukb-d-H7_MACULADEGEN","rs35547631","G","A",0.0343084," || id:ukb-d-H7_MACULADEGEN",TRUE,"reported","igd"
361194,0.00167112,"6",2.71481e-06,0.000356211,170898228,"ukb-d-H7_MACULADEGEN","rs147750851","T","C",0.0343858," || id:ukb-d-H7_MACULADEGEN",TRUE,"reported","igd"
361194,0.00199342,"6",4.54967e-06,0.000434806,33941080,"ukb-d-H7_MACULADEGEN","rs62399339","T","C",0.0243334," || id:ukb-d-H7_MACULADEGEN",TRUE,"reported","igd"
361194,0.00127767,"8",1.01072e-06,0.000261301,128639837,"ukb-d-H7_MACULADEGEN","rs34840657","T","C",0.0604204," || id:ukb-d-H7_MACULADEGEN",TRUE,"reported","igd"
361194,0.00240505,"10",4.54004e-06,0.000524539,23710695,"ukb-d-H7_MACULADEGEN","rs144487307","G","A",0.01649," || id:ukb-d-H7_MACULADEGEN",TRUE,"reported","igd"
361194,-0.000805174,"10",4.29438e-06,0.000175165,5559775,"ukb-d-H7_MACULADEGEN","rs10904521","A","G",0.150931," || id:ukb-d-H7_MACULADEGEN",TRUE,"reported","igd"
361194,0.000670409,"11",1.91836e-07,0.000128747,19542689,"ukb-d-H7_MACULADEGEN","rs2702708","C","G",0.369515," || id:ukb-d-H7_MACULADEGEN",TRUE,"reported","igd"
361194,0.00199098,"13",1.39637e-08,0.000350898,47294087,"ukb-d-H7_MACULADEGEN","rs140325656","T","C",0.03293," || id:ukb-d-H7_MACULADEGEN",TRUE,"reported","igd"
361194,0.00238103,"15",6.01257e-07,0.000477075,79635770,"ukb-d-H7_MACULADEGEN","rs72740324","G","A",0.0185445," || id:ukb-d-H7_MACULADEGEN",TRUE,"reported","igd"
361194,0.00146327,"15",1.35888e-06,0.00030289,92637023,"ukb-d-H7_MACULADEGEN","rs207975","C","T",0.0438684," || id:ukb-d-H7_MACULADEGEN",TRUE,"reported","igd"
361194,0.000841082,"18",3.99807e-06,0.000182386,53763259,"ukb-d-H7_MACULADEGEN","rs187843156","T","C",0.137431," || id:ukb-d-H7_MACULADEGEN",TRUE,"reported","igd"
361194,0.00267173,"18",4.56205e-07,0.000529688,67714307,"ukb-d-H7_MACULADEGEN","rs150521764","C","A",0.014917," || id:ukb-d-H7_MACULADEGEN",TRUE,"reported","igd"
