"samplesize.exposure","se.exposure","beta.exposure","pos.exposure","pval.exposure","chr.exposure","id.exposure","SNP","effect_allele.exposure","other_allele.exposure","eaf.exposure","exposure","mr_keep.exposure","pval_origin.exposure","data_source.exposure"
40613,0.00877195,0.0710242,22700351,5.60015e-16,"1","ukb-b-17848","rs34920465","G","A",0.179636,"Heel quantitative ultrasound index (QUI), manual entry || id:ukb-b-17848",TRUE,"reported","igd"
40613,0.00690606,-0.0427863,68635743,5.80003e-10,"1","ukb-b-17848","rs2195682","T","C",0.404321,"Heel quantitative ultrasound index (QUI), manual entry || id:ukb-b-17848",TRUE,"reported","igd"
40613,0.00875016,-0.0503542,22486029,8.70001e-09,"1","ukb-b-17848","rs56104760","G","A",0.181533,"Heel quantitative ultrasound index (QUI), manual entry || id:ukb-b-17848",TRUE,"reported","igd"
40613,0.00686558,0.0385689,172185029,1.89998e-08,"1","ukb-b-17848","rs6689455","G","T",0.473425,"Heel quantitative ultrasound index (QUI), manual entry || id:ukb-b-17848",TRUE,"reported","igd"
40613,0.00798499,-0.04503,220168633,1.7e-08,"1","ukb-b-17848","rs2647468","G","A",0.762455,"Heel quantitative ultrasound index (QUI), manual entry || id:ukb-b-17848",TRUE,"reported","igd"
40613,0.00853463,0.081356,240586695,1.50003e-21,"1","ukb-b-17848","rs1414660","T","C",0.19523,"Heel quantitative ultrasound index (QUI), manual entry || id:ukb-b-17848",TRUE,"reported","igd"
40613,0.00821955,0.0667604,42247668,4.60045e-16,"2","ukb-b-17848","rs7587291","A","T",0.2166,"Heel quantitative ultrasound index (QUI), manual entry || id:ukb-b-17848",TRUE,"reported","igd"
40613,0.00720077,0.0504979,54881621,2.29985e-12,"2","ukb-b-17848","rs2941584","C","T",0.670923,"Heel quantitative ultrasound index (QUI), manual entry || id:ukb-b-17848",TRUE,"reported","igd"
40613,0.0203204,0.14073,119571670,4.30031e-12,"2","ukb-b-17848","rs76946110","A","G",0.02879,"Heel quantitative ultrasound index (QUI), manual entry || id:ukb-b-17848",TRUE,"reported","igd"
40613,0.00693934,-0.0802902,54659707,5.79963e-31,"2","ukb-b-17848","rs4233949","G","C",0.607912,"Heel quantitative ultrasound index (QUI), manual entry || id:ukb-b-17848",TRUE,"reported","igd"
40613,0.00818626,0.0720358,119038598,1.39991e-18,"2","ukb-b-17848","rs1878526","A","G",0.220958,"Heel quantitative ultrasound index (QUI), manual entry || id:ukb-b-17848",TRUE,"reported","igd"
40613,0.00797921,0.0618935,202832130,8.69961e-15,"2","ukb-b-17848","rs10931982","C","T",0.76691,"Heel quantitative ultrasound index (QUI), manual entry || id:ukb-b-17848",TRUE,"reported","igd"
40613,0.00678421,0.0584639,41118898,6.79986e-18,"3","ukb-b-17848","rs419918","C","G",0.551635,"Heel quantitative ultrasound index (QUI), manual entry || id:ukb-b-17848",TRUE,"reported","igd"
40613,0.00950946,-0.0650059,996768,8.10028e-12,"4","ukb-b-17848","rs115134980","C","T",0.148673,"Heel quantitative ultrasound index (QUI), manual entry || id:ukb-b-17848",TRUE,"reported","igd"
40613,0.00731517,-0.042845,88831249,4.70002e-09,"4","ukb-b-17848","rs11934731","A","G",0.682352,"Heel quantitative ultrasound index (QUI), manual entry || id:ukb-b-17848",TRUE,"reported","igd"
40613,0.00743688,-0.101933,151900047,9.30037e-43,"6","ukb-b-17848","rs1891002","A","T",0.291176,"Heel quantitative ultrasound index (QUI), manual entry || id:ukb-b-17848",TRUE,"reported","igd"
40613,0.00681463,-0.0488994,133575048,7.19946e-13,"6","ukb-b-17848","rs6903443","G","A",0.547539,"Heel quantitative ultrasound index (QUI), manual entry || id:ukb-b-17848",TRUE,"reported","igd"
40613,0.0159097,-0.115354,45392296,4.19952e-13,"6","ukb-b-17848","rs113308638","T","G",0.047831,"Heel quantitative ultrasound index (QUI), manual entry || id:ukb-b-17848",TRUE,"reported","igd"
40613,0.0068824,0.0816605,152010534,1.80011e-32,"6","ukb-b-17848","rs2982573","C","T",0.416642,"Heel quantitative ultrasound index (QUI), manual entry || id:ukb-b-17848",TRUE,"reported","igd"
40613,0.00677334,0.079889,127468274,4.19952e-32,"6","ukb-b-17848","rs7741021","C","A",0.473613,"Heel quantitative ultrasound index (QUI), manual entry || id:ukb-b-17848",TRUE,"reported","igd"
40613,0.00691289,0.170341,120962164,4.60257e-134,"7","ukb-b-17848","rs2908007","G","A",0.401332,"Heel quantitative ultrasound index (QUI), manual entry || id:ukb-b-17848",TRUE,"reported","igd"
40613,0.00704082,-0.0610632,38147661,4.19952e-18,"7","ukb-b-17848","rs11972702","T","C",0.358177,"Heel quantitative ultrasound index (QUI), manual entry || id:ukb-b-17848",TRUE,"reported","igd"
40613,0.00717247,-0.0517841,96133319,5.19996e-13,"7","ukb-b-17848","rs6965122","G","A",0.329484,"Heel quantitative ultrasound index (QUI), manual entry || id:ukb-b-17848",TRUE,"reported","igd"
40613,0.00740834,0.0517572,37959021,2.80027e-12,"7","ukb-b-17848","rs35681117","T","C",0.298599,"Heel quantitative ultrasound index (QUI), manual entry || id:ukb-b-17848",TRUE,"reported","igd"
40613,0.00720926,-0.0401673,105494963,2.5e-08,"7","ukb-b-17848","rs212417","A","G",0.6667,"Heel quantitative ultrasound index (QUI), manual entry || id:ukb-b-17848",TRUE,"reported","igd"
40613,0.00772042,-0.0440509,30970989,1.2e-08,"7","ukb-b-17848","rs13222180","T","C",0.264802,"Heel quantitative ultrasound index (QUI), manual entry || id:ukb-b-17848",TRUE,"reported","igd"
40613,0.00680275,-0.0417141,9084121,8.70001e-10,"8","ukb-b-17848","rs2929308","A","T",0.517174,"Heel quantitative ultrasound index (QUI), manual entry || id:ukb-b-17848",TRUE,"reported","igd"
40613,0.0075661,0.0425438,116663898,1.89998e-08,"8","ukb-b-17848","rs2737252","A","G",0.276371,"Heel quantitative ultrasound index (QUI), manual entry || id:ukb-b-17848",TRUE,"reported","igd"
40613,0.00677752,-0.0500419,71920310,1.50003e-13,"8","ukb-b-17848","rs2639898","A","G",0.516436,"Heel quantitative ultrasound index (QUI), manual entry || id:ukb-b-17848",TRUE,"reported","igd"
40613,0.00807097,-0.064044,54412493,2.09991e-15,"10","ukb-b-17848","rs1159798","C","A",0.775713,"Heel quantitative ultrasound index (QUI), manual entry || id:ukb-b-17848",TRUE,"reported","igd"
40613,0.00818514,0.0447716,134459388,4.49997e-08,"10","ukb-b-17848","rs1133400","G","A",0.217416,"Heel quantitative ultrasound index (QUI), manual entry || id:ukb-b-17848",TRUE,"reported","igd"
40613,0.0109106,-0.132841,54433560,4.19952e-34,"10","ukb-b-17848","rs11003038","C","T",0.107064,"Heel quantitative ultrasound index (QUI), manual entry || id:ukb-b-17848",TRUE,"reported","igd"
40613,0.00676092,0.0436799,31041315,1e-10,"10","ukb-b-17848","rs11812238","A","G",0.497897,"Heel quantitative ultrasound index (QUI), manual entry || id:ukb-b-17848",TRUE,"reported","igd"
40613,0.00691965,-0.0464763,112437007,1.9002e-11,"11","ukb-b-17848","rs7121746","G","A",0.589214,"Heel quantitative ultrasound index (QUI), manual entry || id:ukb-b-17848",TRUE,"reported","igd"
40613,0.00803112,0.0513898,47130778,1.6e-10,"11","ukb-b-17848","rs10838658","A","G",0.229709,"Heel quantitative ultrasound index (QUI), manual entry || id:ukb-b-17848",TRUE,"reported","igd"
40613,0.00681886,0.0395862,115078492,6.4e-09,"11","ukb-b-17848","rs3802858","C","T",0.42784,"Heel quantitative ultrasound index (QUI), manual entry || id:ukb-b-17848",TRUE,"reported","igd"
40613,0.00704945,-0.0495033,27308664,2.19989e-12,"11","ukb-b-17848","rs10450588","T","C",0.638908,"Heel quantitative ultrasound index (QUI), manual entry || id:ukb-b-17848",TRUE,"reported","igd"
40613,0.00772482,-0.05045,68240241,6.4998e-11,"11","ukb-b-17848","rs7106339","T","C",0.259828,"Heel quantitative ultrasound index (QUI), manual entry || id:ukb-b-17848",TRUE,"reported","igd"
40613,0.00728766,-0.0675907,86882599,1.80011e-20,"11","ukb-b-17848","rs552521","A","C",0.314373,"Heel quantitative ultrasound index (QUI), manual entry || id:ukb-b-17848",TRUE,"reported","igd"
40613,0.0305466,-0.177522,49379537,6.19998e-09,"12","ukb-b-17848","rs118115924","T","G",0.012423,"Heel quantitative ultrasound index (QUI), manual entry || id:ukb-b-17848",TRUE,"reported","igd"
40613,0.0207977,0.123195,13328208,3.2e-09,"12","ukb-b-17848","rs117481343","T","C",0.02861,"Heel quantitative ultrasound index (QUI), manual entry || id:ukb-b-17848",TRUE,"reported","igd"
40613,0.0130402,-0.0866613,1638069,2.99985e-11,"12","ukb-b-17848","rs12424790","C","T",0.073173,"Heel quantitative ultrasound index (QUI), manual entry || id:ukb-b-17848",TRUE,"reported","igd"
40613,0.00686642,0.0495077,90473496,5.60015e-13,"12","ukb-b-17848","rs6538224","G","A",0.409858,"Heel quantitative ultrasound index (QUI), manual entry || id:ukb-b-17848",TRUE,"reported","igd"
40613,0.0160682,0.101083,42999170,3.2e-10,"13","ukb-b-17848","rs112538532","T","C",0.0471,"Heel quantitative ultrasound index (QUI), manual entry || id:ukb-b-17848",TRUE,"reported","igd"
40613,0.0325964,-0.208239,93845208,1.7e-10,"13","ukb-b-17848","rs117645784","A","G",0.011891,"Heel quantitative ultrasound index (QUI), manual entry || id:ukb-b-17848",TRUE,"reported","igd"
40613,0.00713528,0.0636201,54419106,4.79954e-19,"14","ukb-b-17848","rs35107139","C","A",0.403987,"Heel quantitative ultrasound index (QUI), manual entry || id:ukb-b-17848",TRUE,"reported","igd"
40613,0.00720864,0.0492951,103878882,8.00018e-12,"14","ukb-b-17848","rs4906321","C","T",0.667392,"Heel quantitative ultrasound index (QUI), manual entry || id:ukb-b-17848",TRUE,"reported","igd"
40613,0.0173835,-0.105546,410178,1.29999e-09,"16","ukb-b-17848","rs71378512","A","G",0.048688,"Heel quantitative ultrasound index (QUI), manual entry || id:ukb-b-17848",TRUE,"reported","igd"
40613,0.00738296,0.0578381,2068932,4.70002e-15,"17","ukb-b-17848","rs4790881","A","C",0.697809,"Heel quantitative ultrasound index (QUI), manual entry || id:ukb-b-17848",TRUE,"reported","igd"
40613,0.0126144,0.0747762,41808374,3.09999e-09,"17","ukb-b-17848","rs80107551","T","C",0.079689,"Heel quantitative ultrasound index (QUI), manual entry || id:ukb-b-17848",TRUE,"reported","igd"
40613,0.0070256,-0.0510525,13722308,3.69999e-13,"18","ukb-b-17848","rs1941749","G","A",0.36199,"Heel quantitative ultrasound index (QUI), manual entry || id:ukb-b-17848",TRUE,"reported","igd"
40613,0.0116578,0.108179,33562464,1.69981e-20,"19","ukb-b-17848","rs7250288","A","G",0.093513,"Heel quantitative ultrasound index (QUI), manual entry || id:ukb-b-17848",TRUE,"reported","igd"
40613,0.0162404,-0.0903771,11177055,2.59998e-08,"20","ukb-b-17848","rs34952318","A","G",0.046859,"Heel quantitative ultrasound index (QUI), manual entry || id:ukb-b-17848",TRUE,"reported","igd"
40613,0.00752716,-0.0419377,40350120,2.5e-08,"21","ukb-b-17848","rs11088458","G","A",0.711547,"Heel quantitative ultrasound index (QUI), manual entry || id:ukb-b-17848",TRUE,"reported","igd"
40613,0.0112223,-0.116306,19676393,3.59998e-25,"22","ukb-b-17848","rs9606138","A","G",0.10537,"Heel quantitative ultrasound index (QUI), manual entry || id:ukb-b-17848",TRUE,"reported","igd"
