"chr.exposure","samplesize.exposure","beta.exposure","pval.exposure","pos.exposure","se.exposure","id.exposure","SNP","effect_allele.exposure","other_allele.exposure","eaf.exposure","exposure","mr_keep.exposure","pval_origin.exposure","data_source.exposure"
"1",361194,0.0028717,3.24751e-06,229838405,0.000616961,"ukb-d-M65","rs12133140","C","T",0.0306623," || id:ukb-d-M65",TRUE,"reported","igd"
"1",361194,-0.00155674,1.80522e-06,204134962,0.000326076,"ukb-d-M65","rs11240689","T","C",0.118859," || id:ukb-d-M65",TRUE,"reported","igd"
"2",361194,0.00116749,1.03426e-06,220960597,0.000238989,"ukb-d-M65","rs6726076","G","C",0.262866," || id:ukb-d-M65",TRUE,"reported","igd"
"2",361194,0.00360404,4.53357e-06,27394780,0.000785989,"ukb-d-M65","rs191436324","T","C",0.0196025," || id:ukb-d-M65",TRUE,"reported","igd"
"5",361194,0.00137653,3.71878e-06,3818152,0.000297527,"ukb-d-M65","rs28454887","A","G",0.146583," || id:ukb-d-M65",TRUE,"reported","igd"
"6",361194,0.00321574,1.11396e-06,23396134,0.000660257,"ukb-d-M65","rs79095503","G","T",0.0260082," || id:ukb-d-M65",TRUE,"reported","igd"
"7",361194,-0.00160913,3.48289e-06,47776931,0.000346785,"ukb-d-M65","rs73094761","C","G",0.102045," || id:ukb-d-M65",TRUE,"reported","igd"
"9",361194,0.00510768,2.18867e-06,5098105,0.00107865,"ukb-d-M65","rs77533513","G","A",0.0105965," || id:ukb-d-M65",TRUE,"reported","igd"
"10",361194,0.00771894,1.20271e-06,9373727,0.0015898,"ukb-d-M65","rs118094999","C","T",0.00469781," || id:ukb-d-M65",TRUE,"reported","igd"
"10",361194,0.00495858,2.38561e-06,16801237,0.00105105,"ukb-d-M65","rs3780983","A","G",0.0106296," || id:ukb-d-M65",TRUE,"reported","igd"
"10",361194,-0.00225031,1.47802e-06,20313388,0.000467425,"ukb-d-M65","rs11011743","G","A",0.0549105," || id:ukb-d-M65",TRUE,"reported","igd"
"11",361194,0.0015329,3.89269e-06,126243649,0.000332004,"ukb-d-M65","rs3862630","T","C",0.122314," || id:ukb-d-M65",TRUE,"reported","igd"
"11",361194,-0.000988689,2.75157e-06,105801770,0.00021087,"ukb-d-M65","rs587978","T","C",0.470209," || id:ukb-d-M65",TRUE,"reported","igd"
"11",361194,0.00334074,9.91288e-07,82899006,0.000682697,"ukb-d-M65","rs116981299","A","G",0.0250312," || id:ukb-d-M65",TRUE,"reported","igd"
"11",361194,0.00372164,1.54216e-06,7528331,0.000774411,"ukb-d-M65","rs149911640","A","G",0.0188343," || id:ukb-d-M65",TRUE,"reported","igd"
"13",361194,0.00393041,3.81382e-06,40230365,0.000850491,"ukb-d-M65","rs148177150","C","A",0.0169492," || id:ukb-d-M65",TRUE,"reported","igd"
"13",361194,0.00112859,1.58855e-06,109101255,0.00023513,"ukb-d-M65","rs9520884","T","A",0.298617," || id:ukb-d-M65",TRUE,"reported","igd"
"14",361194,0.00145063,4.82581e-06,90166951,0.000317265,"ukb-d-M65","rs12896521","T","C",0.12616," || id:ukb-d-M65",TRUE,"reported","igd"
"14",361194,0.00428951,2.15904e-06,64046576,0.000905339,"ukb-d-M65","rs142857485","A","T",0.015942," || id:ukb-d-M65",TRUE,"reported","igd"
"16",361194,0.00117351,2.71613e-08,53910195,0.000211103,"ukb-d-M65","rs4784328","C","T",0.466571," || id:ukb-d-M65",TRUE,"reported","igd"
"17",361194,0.00322776,9.87848e-07,52318972,0.000659517,"ukb-d-M65","rs139467565","C","G",0.0267157," || id:ukb-d-M65",TRUE,"reported","igd"
"19",361194,0.00398362,4.74264e-06,6487136,0.000870558,"ukb-d-M65","rs142081791","T","C",0.0158207," || id:ukb-d-M65",TRUE,"reported","igd"
"20",361194,0.00348749,2.85161e-06,48619329,0.000744982,"ukb-d-M65","rs62208252","A","T",0.0240102," || id:ukb-d-M65",TRUE,"reported","igd"
"21",361194,0.00215926,1.58606e-06,28210854,0.000449832,"ukb-d-M65","rs56251528","T","C",0.0578664," || id:ukb-d-M65",TRUE,"reported","igd"
