"pval.exposure","se.exposure","beta.exposure","samplesize.exposure","pos.exposure","chr.exposure","id.exposure","SNP","effect_allele.exposure","other_allele.exposure","eaf.exposure","exposure","mr_keep.exposure","pval_origin.exposure","data_source.exposure"
4.18986e-15,0.0025388,-0.019928,342590,109696333,"1","ukb-d-30640_irnt","rs542049","C","T",0.33015,"Apoliprotein B || id:ukb-d-30640_irnt",TRUE,"reported","igd"
2.09541e-08,0.002513,-0.014083,342590,10798489,"1","ukb-d-30640_irnt","rs34071855","G","C",0.34072,"Apoliprotein B || id:ukb-d-30640_irnt",TRUE,"reported","igd"
1e-200,0.0089759,-0.34563,342590,55505647,"1","ukb-d-30640_irnt","rs11591147","T","G",0.01767,"Apoliprotein B || id:ukb-d-30640_irnt",TRUE,"reported","igd"
1.20948e-31,0.0079294,0.092818,342590,27180088,"1","ukb-d-30640_irnt","rs75460349","C","A",0.023663,"Apoliprotein B || id:ukb-d-30640_irnt",TRUE,"reported","igd"
7.16638e-31,0.0024332,-0.028112,342590,25773708,"1","ukb-d-30640_irnt","rs34596921","TA","T",0.41827,"Apoliprotein B || id:ukb-d-30640_irnt",TRUE,"reported","igd"
9.15651e-09,0.0024139,0.01387,342590,16493225,"1","ukb-d-30640_irnt","rs4661712","A","G",0.594,"Apoliprotein B || id:ukb-d-30640_irnt",TRUE,"reported","igd"
1.01274e-28,0.0026579,-0.029556,342590,110232983,"1","ukb-d-30640_irnt","rs140584594","G","A",0.73097,"Apoliprotein B || id:ukb-d-30640_irnt",TRUE,"reported","igd"
1.03181e-18,0.0024396,-0.021547,342590,230305312,"1","ukb-d-30640_irnt","rs1321257","A","G",0.61465,"Apoliprotein B || id:ukb-d-30640_irnt",TRUE,"reported","igd"
1.11686e-17,0.0026749,-0.022902,342590,55492083,"1","ukb-d-30640_irnt","rs59784135","G","A",0.69766,"Apoliprotein B || id:ukb-d-30640_irnt",TRUE,"reported","igd"
1.70899e-10,0.0025587,-0.016339,342590,221010513,"1","ukb-d-30640_irnt","rs2807848","G","T",0.31667,"Apoliprotein B || id:ukb-d-30640_irnt",TRUE,"reported","igd"
2.12628e-09,0.0025317,0.01516,342590,182125704,"1","ukb-d-30640_irnt","rs144926613","TTGGAGGGCAGACTAGCCCAGGCCC","T",0.32762,"Apoliprotein B || id:ukb-d-30640_irnt",TRUE,"reported","igd"
1e-200,0.0028426,-0.1581,342590,109817590,"1","ukb-d-30640_irnt","rs12740374","T","G",0.22176,"Apoliprotein B || id:ukb-d-30640_irnt",TRUE,"reported","igd"
8.26228e-60,0.00249,0.040623,342590,55521313,"1","ukb-d-30640_irnt","rs472495","T","G",0.65086,"Apoliprotein B || id:ukb-d-30640_irnt",TRUE,"reported","igd"
2.75252e-08,0.0023785,0.013216,342590,246891269,"1","ukb-d-30640_irnt","rs3935011","C","T",0.48873,"Apoliprotein B || id:ukb-d-30640_irnt",TRUE,"reported","igd"
1.37341e-52,0.0023825,0.036367,342590,234850420,"1","ukb-d-30640_irnt","rs199900492","C","CA",0.51658,"Apoliprotein B || id:ukb-d-30640_irnt",TRUE,"reported","igd"
1.66035e-36,0.0024799,0.031298,342590,62999675,"1","ukb-d-30640_irnt","rs7534572","G","C",0.64542,"Apoliprotein B || id:ukb-d-30640_irnt",TRUE,"reported","igd"
2.70633e-10,0.0024017,0.015166,342590,234734956,"1","ukb-d-30640_irnt","rs10910476","T","C",0.55707,"Apoliprotein B || id:ukb-d-30640_irnt",TRUE,"reported","igd"
2.34439e-08,0.0026593,0.014851,342590,198994619,"1","ukb-d-30640_irnt","rs6667939","T","C",0.71973,"Apoliprotein B || id:ukb-d-30640_irnt",TRUE,"reported","igd"
4.54841e-08,0.0027847,0.015227,342590,174896226,"1","ukb-d-30640_irnt","rs72717661","T","G",0.24058,"Apoliprotein B || id:ukb-d-30640_irnt",TRUE,"reported","igd"
4.03367e-09,0.0024754,-0.014563,342590,242396693,"2","ukb-d-30640_irnt","rs886813","T","G",0.44277,"Apoliprotein B || id:ukb-d-30640_irnt",TRUE,"reported","igd"
1.11661e-76,0.0024999,-0.046342,342590,21149771,"2","ukb-d-30640_irnt","rs140798831","C","T",0.65261,"Apoliprotein B || id:ukb-d-30640_irnt",TRUE,"reported","igd"
2.7964e-26,0.0024126,-0.02559,342590,121306440,"2","ukb-d-30640_irnt","rs17050272","A","G",0.40962,"Apoliprotein B || id:ukb-d-30640_irnt",TRUE,"reported","igd"
6.58567e-15,0.0025632,-0.019974,342590,62988169,"2","ukb-d-30640_irnt","rs4671050","T","G",0.31304,"Apoliprotein B || id:ukb-d-30640_irnt",TRUE,"reported","igd"
2.43792e-08,0.0030133,0.016807,342590,109094526,"2","ukb-d-30640_irnt","rs146283405","GA","G",0.19114,"Apoliprotein B || id:ukb-d-30640_irnt",TRUE,"reported","igd"
6.54485e-88,0.0024395,-0.048503,342590,27741237,"2","ukb-d-30640_irnt","rs780094","C","T",0.61833,"Apoliprotein B || id:ukb-d-30640_irnt",TRUE,"reported","igd"
1.26736e-76,0.0048187,-0.089296,342590,44069772,"2","ukb-d-30640_irnt","rs75331444","A","G",0.064958,"Apoliprotein B || id:ukb-d-30640_irnt",TRUE,"reported","igd"
4.95907e-26,0.0030734,-0.032434,342590,44097360,"2","ukb-d-30640_irnt","rs35206901","G","A",0.18213,"Apoliprotein B || id:ukb-d-30640_irnt",TRUE,"reported","igd"
4.50817e-19,0.0039496,-0.035247,342590,118845121,"2","ukb-d-30640_irnt","rs150474434","A","G",0.10192,"Apoliprotein B || id:ukb-d-30640_irnt",TRUE,"reported","igd"
7.49894e-15,0.0026993,0.02099,342590,203511571,"2","ukb-d-30640_irnt","rs12466268","C","A",0.26185,"Apoliprotein B || id:ukb-d-30640_irnt",TRUE,"reported","igd"
7.57408e-09,0.0026188,0.015131,342590,135597764,"2","ukb-d-30640_irnt","rs7608700","A","C",0.32304,"Apoliprotein B || id:ukb-d-30640_irnt",TRUE,"reported","igd"
1e-200,0.0030907,0.13306,342590,21288321,"2","ukb-d-30640_irnt","rs562338","G","A",0.82144,"Apoliprotein B || id:ukb-d-30640_irnt",TRUE,"reported","igd"
1.01789e-14,0.0024437,-0.018908,342590,169832761,"2","ukb-d-30640_irnt","rs4148784","C","G",0.60285,"Apoliprotein B || id:ukb-d-30640_irnt",TRUE,"reported","igd"
1.0617e-13,0.0024279,-0.018048,342590,165528876,"2","ukb-d-30640_irnt","rs13389219","T","C",0.39349,"Apoliprotein B || id:ukb-d-30640_irnt",TRUE,"reported","igd"
1.0714e-10,0.0046899,0.030281,342590,234522619,"2","ukb-d-30640_irnt","rs149247216","C","A",0.068835,"Apoliprotein B || id:ukb-d-30640_irnt",TRUE,"reported","igd"
2.39062e-09,0.0026051,0.01555,342590,64928603,"2","ukb-d-30640_irnt","rs12471768","C","T",0.70533,"Apoliprotein B || id:ukb-d-30640_irnt",TRUE,"reported","igd"
1.35161e-08,0.0037281,-0.021174,342590,20982391,"2","ukb-d-30640_irnt","rs601325","C","T",0.11408,"Apoliprotein B || id:ukb-d-30640_irnt",TRUE,"reported","igd"
4.74308e-08,0.0025066,0.013688,342590,69810294,"3","ukb-d-30640_irnt","rs55921103","T","G",0.65095,"Apoliprotein B || id:ukb-d-30640_irnt",TRUE,"reported","igd"
3.10492e-09,0.0031218,0.0185,342590,122268506,"3","ukb-d-30640_irnt","rs9289196","C","T",0.17604,"Apoliprotein B || id:ukb-d-30640_irnt",TRUE,"reported","igd"
3.67451e-17,0.0041589,-0.035032,342590,32533010,"3","ukb-d-30640_irnt","rs7640978","T","C",0.089134,"Apoliprotein B || id:ukb-d-30640_irnt",TRUE,"reported","igd"
1.7832e-12,0.0043242,-0.030488,342590,58398215,"3","ukb-d-30640_irnt","rs13066351","T","C",0.082328,"Apoliprotein B || id:ukb-d-30640_irnt",TRUE,"reported","igd"
1.36439e-10,0.0026804,-0.017208,342590,12239931,"3","ukb-d-30640_irnt","rs13098031","T","G",0.26876,"Apoliprotein B || id:ukb-d-30640_irnt",TRUE,"reported","igd"
8.2054e-13,0.0052962,-0.03791,342590,132217703,"3","ukb-d-30640_irnt","rs113177823","A","G",0.054379,"Apoliprotein B || id:ukb-d-30640_irnt",TRUE,"reported","igd"
4.7152e-11,0.0026047,-0.017139,342590,142648844,"3","ukb-d-30640_irnt","rs11709868","T","G",0.29778,"Apoliprotein B || id:ukb-d-30640_irnt",TRUE,"reported","igd"
5.3518e-22,0.0024636,-0.023754,342590,3443931,"4","ukb-d-30640_irnt","rs13108218","G","A",0.61827,"Apoliprotein B || id:ukb-d-30640_irnt",TRUE,"reported","igd"
4.68921e-11,0.002429,0.015985,342590,87976359,"4","ukb-d-30640_irnt","rs1471251","T","A",0.39908,"Apoliprotein B || id:ukb-d-30640_irnt",TRUE,"reported","igd"
6.17035e-09,0.015797,-0.091818,342590,100370684,"4","ukb-d-30640_irnt","rs200191165","GT","G",0.0065062,"Apoliprotein B || id:ukb-d-30640_irnt",TRUE,"reported","igd"
9.36268e-17,0.0028261,0.023493,342590,69373407,"4","ukb-d-30640_irnt","rs9884390","C","T",0.23645,"Apoliprotein B || id:ukb-d-30640_irnt",TRUE,"reported","igd"
2.1325e-08,0.0027353,0.01532,342590,40428010,"4","ukb-d-30640_irnt","rs278981","C","T",0.75737,"Apoliprotein B || id:ukb-d-30640_irnt",TRUE,"reported","igd"
1.36301e-46,0.002476,0.035493,342590,74472939,"5","ukb-d-30640_irnt","rs7707394","A","G",0.3547,"Apoliprotein B || id:ukb-d-30640_irnt",TRUE,"reported","igd"
3.44905e-42,0.0024624,0.033521,342590,156391628,"5","ukb-d-30640_irnt","rs6874202","C","T",0.63564,"Apoliprotein B || id:ukb-d-30640_irnt",TRUE,"reported","igd"
1.01859e-112,0.0024206,0.054634,342590,74656539,"5","ukb-d-30640_irnt","rs12916","C","T",0.39973,"Apoliprotein B || id:ukb-d-30640_irnt",TRUE,"reported","igd"
1.62218e-29,0.0059744,-0.067406,342590,52095024,"5","ukb-d-30640_irnt","rs116734477","T","C",0.041349,"Apoliprotein B || id:ukb-d-30640_irnt",TRUE,"reported","igd"
1.68927e-11,0.00323,-0.02174,342590,131638817,"5","ukb-d-30640_irnt","rs272838","T","C",0.16493,"Apoliprotein B || id:ukb-d-30640_irnt",TRUE,"reported","igd"
2.92752e-21,0.0023823,0.022551,342590,122848876,"5","ukb-d-30640_irnt","rs7734476","A","G",0.54845,"Apoliprotein B || id:ukb-d-30640_irnt",TRUE,"reported","igd"
4.04576e-10,0.0051814,-0.032396,342590,71849807,"5","ukb-d-30640_irnt","rs71628040","C","T",0.055727,"Apoliprotein B || id:ukb-d-30640_irnt",TRUE,"reported","igd"
1.10382e-41,0.0046721,0.063202,342590,160543148,"6","ukb-d-30640_irnt","rs12208357","T","C",0.069878,"Apoliprotein B || id:ukb-d-30640_irnt",TRUE,"reported","igd"
5.15822e-31,0.004409,-0.051065,342590,26093141,"6","ukb-d-30640_irnt","rs1800562","A","G",0.078815,"Apoliprotein B || id:ukb-d-30640_irnt",TRUE,"reported","igd"
5.07925e-16,0.0023815,-0.019314,342590,42940810,"6","ukb-d-30640_irnt","rs9296406","C","T",0.54086,"Apoliprotein B || id:ukb-d-30640_irnt",TRUE,"reported","igd"
1.18659e-13,0.0023779,0.01764,342590,29937795,"6","ukb-d-30640_irnt","rs1061537","A","G",0.46169,"Apoliprotein B || id:ukb-d-30640_irnt",TRUE,"reported","igd"
2.64728e-82,0.0043746,0.08409,342590,160985526,"6","ukb-d-30640_irnt","rs118039278","A","G",0.080629,"Apoliprotein B || id:ukb-d-30640_irnt",TRUE,"reported","igd"
8.89713e-09,0.01033,0.059405,342590,160578069,"6","ukb-d-30640_irnt","rs146534110","T","G",0.013394,"Apoliprotein B || id:ukb-d-30640_irnt",TRUE,"reported","igd"
4.02254e-25,0.0087761,0.090873,342590,160922870,"6","ukb-d-30640_irnt","rs117733303","G","A",0.018607,"Apoliprotein B || id:ukb-d-30640_irnt",TRUE,"reported","igd"
9.18333e-34,0.0032513,0.039382,342590,160710851,"6","ukb-d-30640_irnt","rs3127580","T","C",0.15796,"Apoliprotein B || id:ukb-d-30640_irnt",TRUE,"reported","igd"
7.93414e-21,0.0025907,-0.024251,342590,16126934,"6","ukb-d-30640_irnt","rs7746081","A","G",0.30137,"Apoliprotein B || id:ukb-d-30640_irnt",TRUE,"reported","igd"
7.17794e-12,0.0024214,0.016597,342590,116325142,"6","ukb-d-30640_irnt","rs3756772","T","C",0.40069,"Apoliprotein B || id:ukb-d-30640_irnt",TRUE,"reported","igd"
2.02358e-08,0.0023783,-0.013342,342590,35081931,"6","ukb-d-30640_irnt","rs2476822","A","G",0.4661,"Apoliprotein B || id:ukb-d-30640_irnt",TRUE,"reported","igd"
1.53497e-31,0.0032514,0.037994,342590,32630028,"6","ukb-d-30640_irnt","rs68027833","A","G",0.16245,"Apoliprotein B || id:ukb-d-30640_irnt",TRUE,"reported","igd"
1.10892e-13,0.0023826,0.017697,342590,127456122,"6","ukb-d-30640_irnt","rs9491697","G","A",0.46594,"Apoliprotein B || id:ukb-d-30640_irnt",TRUE,"reported","igd"
4.71737e-13,0.0027333,-0.019771,342590,160711566,"6","ukb-d-30640_irnt","rs12179053","T","C",0.2516,"Apoliprotein B || id:ukb-d-30640_irnt",TRUE,"reported","igd"
8.96396e-13,0.0027708,-0.0198,342590,100620931,"6","ukb-d-30640_irnt","rs17185536","T","C",0.24444,"Apoliprotein B || id:ukb-d-30640_irnt",TRUE,"reported","igd"
3.31284e-11,0.0028091,-0.01863,342590,100216773,"7","ukb-d-30640_irnt","rs10953298","T","C",0.23566,"Apoliprotein B || id:ukb-d-30640_irnt",TRUE,"reported","igd"
9.3143e-09,0.0023774,-0.013653,342590,130445428,"7","ukb-d-30640_irnt","rs35363532","CT","C",0.49404,"Apoliprotein B || id:ukb-d-30640_irnt",TRUE,"reported","igd"
4.1944e-08,0.0031868,0.017472,342590,75657850,"7","ukb-d-30640_irnt","rs11983987","G","A",0.16675,"Apoliprotein B || id:ukb-d-30640_irnt",TRUE,"reported","igd"
2.44794e-11,0.0030495,-0.02036,342590,97993362,"7","ukb-d-30640_irnt","rs3779195","A","T",0.18538,"Apoliprotein B || id:ukb-d-30640_irnt",TRUE,"reported","igd"
1.08418e-13,0.0058244,-0.043278,342590,73020301,"7","ukb-d-30640_irnt","rs799157","C","T",0.956627,"Apoliprotein B || id:ukb-d-30640_irnt",TRUE,"reported","igd"
3.47456e-30,0.0028819,0.032903,342590,21604916,"7","ukb-d-30640_irnt","rs4470903","G","C",0.21709,"Apoliprotein B || id:ukb-d-30640_irnt",TRUE,"reported","igd"
3.36357e-25,0.0030637,0.031775,342590,44581986,"7","ukb-d-30640_irnt","rs17725246","C","T",0.18248,"Apoliprotein B || id:ukb-d-30640_irnt",TRUE,"reported","igd"
2.17821e-12,0.0026184,0.018389,342590,25934357,"7","ukb-d-30640_irnt","rs896311","A","G",0.70494,"Apoliprotein B || id:ukb-d-30640_irnt",TRUE,"reported","igd"
1.68616e-14,0.0026319,-0.020194,342590,116667539,"8","ukb-d-30640_irnt","rs2737263","T","G",0.28407,"Apoliprotein B || id:ukb-d-30640_irnt",TRUE,"reported","igd"
4.18504e-08,0.0025632,-0.014054,342590,74899141,"8","ukb-d-30640_irnt","rs11775193","T","C",0.31393,"Apoliprotein B || id:ukb-d-30640_irnt",TRUE,"reported","igd"
5.10035e-15,0.0024841,0.019438,342590,145031968,"8","ukb-d-30640_irnt","rs55831924","T","C",0.36094,"Apoliprotein B || id:ukb-d-30640_irnt",TRUE,"reported","igd"
3.84946e-27,0.0025131,-0.027118,342590,59393273,"8","ukb-d-30640_irnt","rs4738684","G","A",0.66481,"Apoliprotein B || id:ukb-d-30640_irnt",TRUE,"reported","igd"
7.18952e-18,0.0023922,0.020602,342590,9173209,"8","ukb-d-30640_irnt","rs7012637","A","G",0.47499,"Apoliprotein B || id:ukb-d-30640_irnt",TRUE,"reported","igd"
1.35957e-14,0.0029707,0.022876,342590,55433151,"8","ukb-d-30640_irnt","rs10087526","G","T",0.2003,"Apoliprotein B || id:ukb-d-30640_irnt",TRUE,"reported","igd"
2.92415e-194,0.0024303,-0.072304,342590,126500031,"8","ukb-d-30640_irnt","rs28601761","G","C",0.41951,"Apoliprotein B || id:ukb-d-30640_irnt",TRUE,"reported","igd"
7.60501e-36,0.0026271,-0.032839,342590,19824492,"8","ukb-d-30640_irnt","rs13702","C","T",0.28564,"Apoliprotein B || id:ukb-d-30640_irnt",TRUE,"reported","igd"
2.13108e-11,0.0033394,-0.022364,342590,21928227,"8","ukb-d-30640_irnt","rs59328596","A","G",0.14792,"Apoliprotein B || id:ukb-d-30640_irnt",TRUE,"reported","igd"
1.0231e-08,0.0026897,0.015404,342590,126631687,"8","ukb-d-30640_irnt","rs3860846","T","C",0.27434,"Apoliprotein B || id:ukb-d-30640_irnt",TRUE,"reported","igd"
1.6062e-14,0.0023751,-0.018239,342590,22081850,"9","ukb-d-30640_irnt","rs6475606","T","C",0.48102,"Apoliprotein B || id:ukb-d-30640_irnt",TRUE,"reported","igd"
9.01364e-12,0.00254,-0.017327,342590,139320069,"9","ukb-d-30640_irnt","rs10448340","G","T",0.32184,"Apoliprotein B || id:ukb-d-30640_irnt",TRUE,"reported","igd"
3.59857e-08,0.0047707,-0.026285,342590,2640759,"9","ukb-d-30640_irnt","rs3780181","G","A",0.067312,"Apoliprotein B || id:ukb-d-30640_irnt",TRUE,"reported","igd"
3.1017e-44,0.0030694,0.042827,342590,136149711,"9","ukb-d-30640_irnt","rs115478735","T","A",0.18377,"Apoliprotein B || id:ukb-d-30640_irnt",TRUE,"reported","igd"
3.72692e-08,0.0030906,0.017009,342590,15305378,"9","ukb-d-30640_irnt","rs581080","C","G",0.82017,"Apoliprotein B || id:ukb-d-30640_irnt",TRUE,"reported","igd"
1.47299e-09,0.0024004,0.014516,342590,124686656,"10","ukb-d-30640_irnt","rs10794579","C","T",0.57636,"Apoliprotein B || id:ukb-d-30640_irnt",TRUE,"reported","igd"
3.5641e-09,0.0037962,-0.02241,342590,71094504,"10","ukb-d-30640_irnt","rs17476364","C","T",0.10989,"Apoliprotein B || id:ukb-d-30640_irnt",TRUE,"reported","igd"
1.81121e-08,0.0024108,0.013571,342590,95052021,"10","ukb-d-30640_irnt","rs2761311","T","C",0.57486,"Apoliprotein B || id:ukb-d-30640_irnt",TRUE,"reported","igd"
2.47503e-09,0.0079128,0.047186,342590,52373245,"10","ukb-d-30640_irnt","rs80276949","A","G",0.023116,"Apoliprotein B || id:ukb-d-30640_irnt",TRUE,"reported","igd"
9.72971e-25,0.0023831,-0.024474,342590,94839642,"10","ukb-d-30640_irnt","rs2068888","A","G",0.44899,"Apoliprotein B || id:ukb-d-30640_irnt",TRUE,"reported","igd"
1.63531e-11,0.0035592,-0.023973,342590,115786233,"10","ukb-d-30640_irnt","rs72823013","A","G",0.12807,"Apoliprotein B || id:ukb-d-30640_irnt",TRUE,"reported","igd"
5.48656e-13,0.0027299,0.019691,342590,18664241,"11","ukb-d-30640_irnt","rs10832963","G","T",0.74526,"Apoliprotein B || id:ukb-d-30640_irnt",TRUE,"reported","igd"
5.77298e-11,0.012546,0.082175,342590,116714293,"11","ukb-d-30640_irnt","rs141469619","G","A",0.010075,"Apoliprotein B || id:ukb-d-30640_irnt",TRUE,"reported","igd"
3.53997e-104,0.0035024,-0.075939,342590,116648917,"11","ukb-d-30640_irnt","rs964184","C","G",0.86822,"Apoliprotein B || id:ukb-d-30640_irnt",TRUE,"reported","igd"
1.39605e-39,0.0038731,0.050995,342590,126244955,"11","ukb-d-30640_irnt","rs4307732","A","G",0.10532,"Apoliprotein B || id:ukb-d-30640_irnt",TRUE,"reported","igd"
4.4691e-09,0.0030354,-0.017806,342590,103870640,"11","ukb-d-30640_irnt","rs115739682","A","T",0.19102,"Apoliprotein B || id:ukb-d-30640_irnt",TRUE,"reported","igd"
1.53285e-19,0.0046358,0.041921,342590,5701074,"11","ukb-d-30640_irnt","rs11601507","A","C",0.068429,"Apoliprotein B || id:ukb-d-30640_irnt",TRUE,"reported","igd"
1.23254e-70,0.0024891,-0.044238,342590,61588305,"11","ukb-d-30640_irnt","rs174564","G","A",0.34953,"Apoliprotein B || id:ukb-d-30640_irnt",TRUE,"reported","igd"
2.00586e-18,0.002381,0.020852,342590,111973358,"12","ukb-d-30640_irnt","rs597808","G","A",0.51661,"Apoliprotein B || id:ukb-d-30640_irnt",TRUE,"reported","igd"
8.57551e-10,0.003475,-0.021316,342590,125303282,"12","ukb-d-30640_irnt","rs10846740","C","T",0.85968,"Apoliprotein B || id:ukb-d-30640_irnt",TRUE,"reported","igd"
3.28171e-09,0.0031225,0.018476,342590,53813424,"12","ukb-d-30640_irnt","rs10876451","C","A",0.17458,"Apoliprotein B || id:ukb-d-30640_irnt",TRUE,"reported","igd"
2.28823e-16,0.0025726,0.021112,342590,121416650,"12","ukb-d-30640_irnt","rs1169288","C","A",0.31277,"Apoliprotein B || id:ukb-d-30640_irnt",TRUE,"reported","igd"
7.71259e-15,0.0027696,-0.021527,342590,57692470,"12","ukb-d-30640_irnt","rs12313762","T","C",0.24124,"Apoliprotein B || id:ukb-d-30640_irnt",TRUE,"reported","igd"
3.01613e-08,0.010194,-0.056479,342590,4328521,"12","ukb-d-30640_irnt","rs117233107","A","G",0.015427,"Apoliprotein B || id:ukb-d-30640_irnt",TRUE,"reported","igd"
2.78477e-08,0.0028478,0.015819,342590,9061971,"12","ukb-d-30640_irnt","rs11047939","A","G",0.22672,"Apoliprotein B || id:ukb-d-30640_irnt",TRUE,"reported","igd"
1.31401e-11,0.0025338,-0.017147,342590,124447465,"12","ukb-d-30640_irnt","rs75321546","A","T",0.32895,"Apoliprotein B || id:ukb-d-30640_irnt",TRUE,"reported","igd"
2.6418e-20,0.0025358,0.023414,342590,114551993,"13","ukb-d-30640_irnt","rs6602909","C","T",0.32526,"Apoliprotein B || id:ukb-d-30640_irnt",TRUE,"reported","igd"
2.16322e-24,0.0023741,-0.024197,342590,32959199,"13","ukb-d-30640_irnt","rs2238162","T","C",0.52462,"Apoliprotein B || id:ukb-d-30640_irnt",TRUE,"reported","igd"
1.15638e-16,0.0023976,0.019871,342590,24871926,"14","ukb-d-30640_irnt","rs11621792","T","C",0.45366,"Apoliprotein B || id:ukb-d-30640_irnt",TRUE,"reported","igd"
2.75423e-15,0.0023812,0.018816,342590,70783943,"14","ukb-d-30640_irnt","rs8021180","G","A",0.47005,"Apoliprotein B || id:ukb-d-30640_irnt",TRUE,"reported","igd"
7.32757e-10,0.0058069,0.035765,342590,94768196,"14","ukb-d-30640_irnt","rs145730801","C","T",0.045463,"Apoliprotein B || id:ukb-d-30640_irnt",TRUE,"reported","igd"
1.82869e-09,0.0034687,0.020856,342590,63810625,"15","ukb-d-30640_irnt","rs72750932","C","G",0.13999,"Apoliprotein B || id:ukb-d-30640_irnt",TRUE,"reported","igd"
1.31947e-19,0.0024815,0.02248,342590,58680184,"15","ukb-d-30640_irnt","rs7177289","T","C",0.35544,"Apoliprotein B || id:ukb-d-30640_irnt",TRUE,"reported","igd"
7.91517e-10,0.0027007,0.016601,342590,75083912,"15","ukb-d-30640_irnt","rs12442901","G","A",0.73771,"Apoliprotein B || id:ukb-d-30640_irnt",TRUE,"reported","igd"
6.34454e-84,0.0025339,-0.049198,342590,56990716,"16","ukb-d-30640_irnt","rs247617","A","C",0.32489,"Apoliprotein B || id:ukb-d-30640_irnt",TRUE,"reported","igd"
6.83125e-18,0.0023952,-0.020642,342590,83980965,"16","ukb-d-30640_irnt","rs11149612","T","C",0.46141,"Apoliprotein B || id:ukb-d-30640_irnt",TRUE,"reported","igd"
2.88005e-63,0.0030364,0.050992,342590,72097827,"16","ukb-d-30640_irnt","rs3794695","T","C",0.18825,"Apoliprotein B || id:ukb-d-30640_irnt",TRUE,"reported","igd"
4.04529e-08,0.0032575,-0.01788,342590,83937785,"16","ukb-d-30640_irnt","rs62047932","T","C",0.16734,"Apoliprotein B || id:ukb-d-30640_irnt",TRUE,"reported","igd"
9.70421e-09,0.0092209,-0.052891,342590,57071114,"16","ukb-d-30640_irnt","rs1672867","G","A",0.983137,"Apoliprotein B || id:ukb-d-30640_irnt",TRUE,"reported","igd"
3.2719e-15,0.002465,0.019425,342590,71653767,"16","ukb-d-30640_irnt","rs2334879","C","T",0.36401,"Apoliprotein B || id:ukb-d-30640_irnt",TRUE,"reported","igd"
8.26647e-10,0.00286,-0.01756,342590,46485216,"17","ukb-d-30640_irnt","rs370450143","CAA","C",0.22693,"Apoliprotein B || id:ukb-d-30640_irnt",TRUE,"reported","igd"
3.6509e-49,0.0079211,0.11676,342590,67081278,"17","ukb-d-30640_irnt","rs77542162","G","A",0.022987,"Apoliprotein B || id:ukb-d-30640_irnt",TRUE,"reported","igd"
5.03965e-30,0.0030108,-0.034278,342590,7080316,"17","ukb-d-30640_irnt","rs55714927","T","C",0.19214,"Apoliprotein B || id:ukb-d-30640_irnt",TRUE,"reported","igd"
1.15718e-23,0.0070099,0.070295,342590,64228995,"17","ukb-d-30640_irnt","rs149394327","C","G",0.029721,"Apoliprotein B || id:ukb-d-30640_irnt",TRUE,"reported","igd"
2.07253e-15,0.0023746,0.018848,342590,26694861,"17","ukb-d-30640_irnt","rs704","A","G",0.47544,"Apoliprotein B || id:ukb-d-30640_irnt",TRUE,"reported","igd"
1.1434e-31,0.0023785,-0.027853,342590,45662383,"17","ukb-d-30640_irnt","rs10445374","C","T",0.51392,"Apoliprotein B || id:ukb-d-30640_irnt",TRUE,"reported","igd"
3.92283e-17,0.0035561,-0.029927,342590,67191270,"17","ukb-d-30640_irnt","rs72631343","G","C",0.12731,"Apoliprotein B || id:ukb-d-30640_irnt",TRUE,"reported","igd"
2.25502e-09,0.0063603,-0.038025,342590,7217099,"17","ukb-d-30640_irnt","rs78173576","G","T",0.036024,"Apoliprotein B || id:ukb-d-30640_irnt",TRUE,"reported","igd"
7.1218e-09,0.0033322,0.019288,342590,7487108,"17","ukb-d-30640_irnt","rs2075230","G","A",0.14916,"Apoliprotein B || id:ukb-d-30640_irnt",TRUE,"reported","igd"
4.35582e-08,0.0034074,0.018658,342590,27663848,"17","ukb-d-30640_irnt","rs2058122","C","T",0.85584,"Apoliprotein B || id:ukb-d-30640_irnt",TRUE,"reported","igd"
1e-200,0.0042653,-0.6465,342590,45413233,"19","ukb-d-30640_irnt","rs1065853","T","G",0.079487,"Apoliprotein B || id:ukb-d-30640_irnt",TRUE,"reported","igd"
5.01187e-198,0.0055267,-0.16603,342590,45173951,"19","ukb-d-30640_irnt","rs28807203","C","A",0.048712,"Apoliprotein B || id:ukb-d-30640_irnt",TRUE,"reported","igd"
1.92575e-12,0.0047113,0.033167,342590,45724044,"19","ukb-d-30640_irnt","rs73034893","T","C",0.069373,"Apoliprotein B || id:ukb-d-30640_irnt",TRUE,"reported","igd"
6.2418e-10,0.0024676,-0.015261,342590,11285390,"19","ukb-d-30640_irnt","rs440677","A","G",0.62303,"Apoliprotein B || id:ukb-d-30640_irnt",TRUE,"reported","igd"
1.68589e-09,0.018087,0.10899,342590,45495742,"19","ukb-d-30640_irnt","rs137928795","T","C",0.0046769,"Apoliprotein B || id:ukb-d-30640_irnt",TRUE,"reported","igd"
9.08239e-78,0.0024163,0.045118,342590,11227480,"19","ukb-d-30640_irnt","rs2738447","C","A",0.59283,"Apoliprotein B || id:ukb-d-30640_irnt",TRUE,"reported","igd"
4.53733e-31,0.0037602,0.043592,342590,45617263,"19","ukb-d-30640_irnt","rs62118464","A","G",0.11832,"Apoliprotein B || id:ukb-d-30640_irnt",TRUE,"reported","igd"
6.42392e-24,0.003373,-0.034019,342590,58662235,"19","ukb-d-30640_irnt","rs35081008","T","C",0.14665,"Apoliprotein B || id:ukb-d-30640_irnt",TRUE,"reported","igd"
1e-200,0.0064189,0.2055,342590,45337918,"19","ukb-d-30640_irnt","rs147711004","A","G",0.037013,"Apoliprotein B || id:ukb-d-30640_irnt",TRUE,"reported","igd"
1e-200,0.0072042,0.224,342590,45412955,"19","ukb-d-30640_irnt","rs1081105","C","A",0.027882,"Apoliprotein B || id:ukb-d-30640_irnt",TRUE,"reported","igd"
2.62543e-100,0.0044939,-0.095575,342590,19379549,"19","ukb-d-30640_irnt","rs58542926","T","C",0.075439,"Apoliprotein B || id:ukb-d-30640_irnt",TRUE,"reported","igd"
3.98135e-10,0.0077163,-0.048265,342590,10622478,"19","ukb-d-30640_irnt","rs62131897","C","G",0.026584,"Apoliprotein B || id:ukb-d-30640_irnt",TRUE,"reported","igd"
1e-200,0.0036587,-0.1748,342590,11197261,"19","ukb-d-30640_irnt","rs12151108","A","G",0.11868,"Apoliprotein B || id:ukb-d-30640_irnt",TRUE,"reported","igd"
6.81397e-73,0.010504,0.18973,342590,45346666,"19","ukb-d-30640_irnt","rs148601586","G","C",0.013549,"Apoliprotein B || id:ukb-d-30640_irnt",TRUE,"reported","igd"
6.25605e-32,0.0025056,-0.029469,342590,17844684,"20","ukb-d-30640_irnt","rs2618566","T","G",0.66145,"Apoliprotein B || id:ukb-d-30640_irnt",TRUE,"reported","igd"
3.22552e-47,0.0069642,0.10053,342590,39179822,"20","ukb-d-30640_irnt","rs1883711","C","G",0.031082,"Apoliprotein B || id:ukb-d-30640_irnt",TRUE,"reported","igd"
2.42047e-11,0.0030066,0.020079,342590,62909520,"20","ukb-d-30640_irnt","rs6090101","A","G",0.199,"Apoliprotein B || id:ukb-d-30640_irnt",TRUE,"reported","igd"
1.0377e-09,0.0032385,0.019766,342590,17804068,"20","ukb-d-30640_irnt","rs61433703","A","G",0.16342,"Apoliprotein B || id:ukb-d-30640_irnt",TRUE,"reported","igd"
1.60879e-09,0.0023918,0.01443,342590,25591431,"20","ukb-d-30640_irnt","rs5841064","CA","C",0.44248,"Apoliprotein B || id:ukb-d-30640_irnt",TRUE,"reported","igd"
6.03532e-15,0.0026251,0.020485,342590,39780932,"20","ukb-d-30640_irnt","rs6093446","A","G",0.2869,"Apoliprotein B || id:ukb-d-30640_irnt",TRUE,"reported","igd"
2.93495e-13,0.0028554,-0.020837,342590,34146310,"20","ukb-d-30640_irnt","rs11167269","TG","T",0.22306,"Apoliprotein B || id:ukb-d-30640_irnt",TRUE,"reported","igd"
8.29087e-11,0.0073005,0.04742,342590,5580789,"20","ukb-d-30640_irnt","rs73075609","T","C",0.027436,"Apoliprotein B || id:ukb-d-30640_irnt",TRUE,"reported","igd"
1.00231e-40,0.0027398,-0.036615,342590,44545460,"20","ukb-d-30640_irnt","rs4812975","A","G",0.75137,"Apoliprotein B || id:ukb-d-30640_irnt",TRUE,"reported","igd"
6.91512e-12,0.0023907,0.016399,342590,40665296,"21","ukb-d-30640_irnt","rs9982111","A","G",0.56144,"Apoliprotein B || id:ukb-d-30640_irnt",TRUE,"reported","igd"
7.00987e-10,0.0024858,0.015327,342590,50840573,"22","ukb-d-30640_irnt","rs9616822","A","G",0.35134,"Apoliprotein B || id:ukb-d-30640_irnt",TRUE,"reported","igd"
