"pos.exposure","se.exposure","beta.exposure","samplesize.exposure","pval.exposure","chr.exposure","id.exposure","SNP","effect_allele.exposure","other_allele.exposure","eaf.exposure","exposure","mr_keep.exposure","pval_origin.exposure","data_source.exposure"
55505647,0.00171027,-0.0103698,361194,1.33552e-09,"1","ukb-d-I9_CORATHER","rs11591147","T","G",0.0176733,"Coronary atherosclerosis || id:ukb-d-I9_CORATHER",TRUE,"reported","igd"
222814442,0.000499944,0.00315447,361194,2.79995e-10,"1","ukb-d-I9_CORATHER","rs2133189","T","C",0.714278,"Coronary atherosclerosis || id:ukb-d-I9_CORATHER",TRUE,"reported","igd"
56963627,0.000781468,-0.00469955,361194,1.81455e-09,"1","ukb-d-I9_CORATHER","rs72664318","G","A",0.0920377,"Coronary atherosclerosis || id:ukb-d-I9_CORATHER",TRUE,"reported","igd"
109821511,0.000546049,0.00541689,361194,3.4261e-23,"1","ukb-d-I9_CORATHER","rs602633","G","T",0.782537,"Coronary atherosclerosis || id:ukb-d-I9_CORATHER",TRUE,"reported","igd"
165048706,0.000719891,0.00393956,361194,4.44181e-08,"2","ukb-d-I9_CORATHER","rs10172929","G","T",0.121944,"Coronary atherosclerosis || id:ukb-d-I9_CORATHER",TRUE,"reported","igd"
19942473,0.000901966,0.00517997,361194,9.30979e-09,"2","ukb-d-I9_CORATHER","rs16986953","A","G",0.0679806,"Coronary atherosclerosis || id:ukb-d-I9_CORATHER",TRUE,"reported","igd"
85767735,0.000453506,0.00313271,361194,4.93174e-12,"2","ukb-d-I9_CORATHER","rs2028900","T","C",0.450318,"Coronary atherosclerosis || id:ukb-d-I9_CORATHER",TRUE,"reported","igd"
203951846,0.000683167,0.00427065,361194,4.07624e-10,"2","ukb-d-I9_CORATHER","rs147932234","C","T",0.127585,"Coronary atherosclerosis || id:ukb-d-I9_CORATHER",TRUE,"reported","igd"
153790050,0.000626454,0.00347676,361194,2.86016e-08,"3","ukb-d-I9_CORATHER","rs1620712","G","C",0.846132,"Coronary atherosclerosis || id:ukb-d-I9_CORATHER",TRUE,"reported","igd"
148400256,0.000650666,0.00423309,361194,7.73927e-11,"4","ukb-d-I9_CORATHER","rs10305838","C","T",0.139509,"Coronary atherosclerosis || id:ukb-d-I9_CORATHER",TRUE,"reported","igd"
134159976,0.000495379,-0.00307398,361194,5.46487e-10,"6","ukb-d-I9_CORATHER","rs9285476","G","C",0.297986,"Coronary atherosclerosis || id:ukb-d-I9_CORATHER",TRUE,"reported","igd"
12903957,0.000459264,0.00410929,361194,3.6509e-19,"6","ukb-d-I9_CORATHER","rs9349379","G","A",0.405522,"Coronary atherosclerosis || id:ukb-d-I9_CORATHER",TRUE,"reported","igd"
161005610,0.000825852,0.014607,361194,5.64027e-70,"6","ukb-d-I9_CORATHER","rs55730499","T","C",0.0813848,"Coronary atherosclerosis || id:ukb-d-I9_CORATHER",TRUE,"reported","igd"
160922870,0.00166841,0.0196413,361194,5.4853e-32,"6","ukb-d-I9_CORATHER","rs117733303","G","A",0.0186119,"Coronary atherosclerosis || id:ukb-d-I9_CORATHER",TRUE,"reported","igd"
160710851,0.000618016,0.00494556,361194,1.22462e-15,"6","ukb-d-I9_CORATHER","rs3127580","T","C",0.15801,"Coronary atherosclerosis || id:ukb-d-I9_CORATHER",TRUE,"reported","igd"
19049388,0.000630101,0.00405567,361194,1.22377e-10,"7","ukb-d-I9_CORATHER","rs2107595","A","G",0.151529,"Coronary atherosclerosis || id:ukb-d-I9_CORATHER",TRUE,"reported","igd"
126500031,0.000462718,-0.00293316,361194,2.31558e-10,"8","ukb-d-I9_CORATHER","rs28601761","G","C",0.419467,"Coronary atherosclerosis || id:ukb-d-I9_CORATHER",TRUE,"reported","igd"
22103813,0.000451121,0.00819557,361194,1.01391e-73,"9","ukb-d-I9_CORATHER","rs1333042","G","A",0.498058,"Coronary atherosclerosis || id:ukb-d-I9_CORATHER",TRUE,"reported","igd"
124237947,0.000456823,0.0026842,361194,4.21192e-09,"10","ukb-d-I9_CORATHER","rs4237541","C","T",0.42932,"Coronary atherosclerosis || id:ukb-d-I9_CORATHER",TRUE,"reported","igd"
103673294,0.000503669,-0.00327179,361194,8.26418e-11,"11","ukb-d-I9_CORATHER","rs2839812","A","T",0.720828,"Coronary atherosclerosis || id:ukb-d-I9_CORATHER",TRUE,"reported","igd"
111833788,0.000455651,-0.00263554,361194,7.29558e-09,"12","ukb-d-I9_CORATHER","rs10774624","A","G",0.513708,"Coronary atherosclerosis || id:ukb-d-I9_CORATHER",TRUE,"reported","igd"
95536949,0.000888568,-0.00552825,361194,4.9289e-10,"12","ukb-d-I9_CORATHER","rs12369441","C","T",0.0698759,"Coronary atherosclerosis || id:ukb-d-I9_CORATHER",TRUE,"reported","igd"
110818102,0.000721937,-0.0046192,361194,1.57261e-10,"13","ukb-d-I9_CORATHER","rs11617955","A","T",0.113121,"Coronary atherosclerosis || id:ukb-d-I9_CORATHER",TRUE,"reported","igd"
79054900,0.000527728,-0.00373793,361194,1.41286e-12,"15","ukb-d-I9_CORATHER","rs7495616","G","C",0.758775,"Coronary atherosclerosis || id:ukb-d-I9_CORATHER",TRUE,"reported","igd"
91419432,0.000454588,0.00331449,361194,3.07822e-13,"15","ukb-d-I9_CORATHER","rs11372849","TC","T",0.477223,"Coronary atherosclerosis || id:ukb-d-I9_CORATHER",TRUE,"reported","igd"
83045790,0.000522685,-0.00349441,361194,2.30462e-11,"16","ukb-d-I9_CORATHER","rs7500448","G","A",0.253443,"Coronary atherosclerosis || id:ukb-d-I9_CORATHER",TRUE,"reported","igd"
47338083,0.0004539,-0.00296845,361194,6.16453e-11,"17","ukb-d-I9_CORATHER","rs1010322","G","C",0.545707,"Coronary atherosclerosis || id:ukb-d-I9_CORATHER",TRUE,"reported","igd"
33959431,0.00133879,0.00751876,361194,1.9547e-08,"19","ukb-d-I9_CORATHER","rs145436496","A","G",0.0299222,"Coronary atherosclerosis || id:ukb-d-I9_CORATHER",TRUE,"reported","igd"
11190481,0.000720905,-0.00469525,361194,7.37734e-11,"19","ukb-d-I9_CORATHER","rs77265569","T","G",0.113197,"Coronary atherosclerosis || id:ukb-d-I9_CORATHER",TRUE,"reported","igd"
45413233,0.000830314,-0.00565657,361194,9.60064e-12,"19","ukb-d-I9_CORATHER","rs1065853","T","G",0.0802992,"Coronary atherosclerosis || id:ukb-d-I9_CORATHER",TRUE,"reported","igd"
35593827,0.000680987,0.00475997,361194,2.7574e-12,"21","ukb-d-I9_CORATHER","rs28451064","A","G",0.13177,"Coronary atherosclerosis || id:ukb-d-I9_CORATHER",TRUE,"reported","igd"
