"samplesize.exposure","beta.exposure","se.exposure","pval.exposure","chr.exposure","pos.exposure","other_allele.exposure","effect_allele.exposure","SNP","info.exposure","eaf.exposure","ncase.exposure","exposure","mr_keep.exposure","pval_origin.exposure","id.exposure","class","index"
110315,0.0096174,0.00209945,4.63441e-06,"1",39681115,"G","GT","rs5773652",0.954063,0.712511,29351,"Ever felt worried, tense, or anxious for most of a month or longer",TRUE,"reported","C096VP","Mental disorders","ukb1115"
110315,0.00884758,0.00190086,3.25119e-06,"1",239781867,"G","A","rs12129185",0.973108,0.43544,29351,"Ever felt worried, tense, or anxious for most of a month or longer",TRUE,"reported","C096VP","Mental disorders","ukb1115"
110315,-0.0375146,0.00812976,3.94529e-06,"3",188455301,"G","A","rs114791626",0.822601,0.0156882,29351,"Ever felt worried, tense, or anxious for most of a month or longer",TRUE,"reported","C096VP","Mental disorders","ukb1115"
110315,0.029696,0.00636193,3.04838e-06,"4",173756213,"G","A","rs114022564",1,0.0218927,29351,"Ever felt worried, tense, or anxious for most of a month or longer",TRUE,"reported","C096VP","Mental disorders","ukb1115"
110315,-0.0135767,0.00256482,1.20275e-07,"5",17311904,"C","T","rs7724259",0.991888,0.15744,29351,"Ever felt worried, tense, or anxious for most of a month or longer",TRUE,"reported","C096VP","Mental disorders","ukb1115"
110315,-0.0229544,0.00496445,3.77265e-06,"5",150983573,"A","G","rs80009114",0.946844,0.037257,29351,"Ever felt worried, tense, or anxious for most of a month or longer",TRUE,"reported","C096VP","Mental disorders","ukb1115"
110315,-0.00882999,0.00193175,4.85993e-06,"5",164638632,"G","A","rs7715290",0.998489,0.377793,29351,"Ever felt worried, tense, or anxious for most of a month or longer",TRUE,"reported","C096VP","Mental disorders","ukb1115"
110315,-0.014266,0.00281918,4.19204e-07,"6",28705074,"G","T","rs1311911",0.99958,0.12524,29351,"Ever felt worried, tense, or anxious for most of a month or longer",TRUE,"reported","C096VP","Mental disorders","ukb1115"
110315,-0.0115813,0.002337,7.21995e-07,"7",43684350,"T","C","rs189043706",0.986574,0.202106,29351,"Ever felt worried, tense, or anxious for most of a month or longer",TRUE,"reported","C096VP","Mental disorders","ukb1115"
110315,0.0203265,0.00420172,1.31555e-06,"7",56658883,"C","T","rs35091270",0.897104,0.0583594,29351,"Ever felt worried, tense, or anxious for most of a month or longer",TRUE,"reported","C096VP","Mental disorders","ukb1115"
110315,-0.0102894,0.00196354,1.60658e-07,"7",85885316,"T","C","rs7784191",0.995796,0.654103,29351,"Ever felt worried, tense, or anxious for most of a month or longer",TRUE,"reported","C096VP","Mental disorders","ukb1115"
110315,-0.00942794,0.00188893,6.01082e-07,"8",103950355,"T","C","rs4734067",0.995562,0.431367,29351,"Ever felt worried, tense, or anxious for most of a month or longer",TRUE,"reported","C096VP","Mental disorders","ukb1115"
110315,-0.00885281,0.00192516,4.26061e-06,"9",8144973,"G","A","rs10976799",0.994376,0.621958,29351,"Ever felt worried, tense, or anxious for most of a month or longer",TRUE,"reported","C096VP","Mental disorders","ukb1115"
110315,0.00964523,0.00204415,2.3794e-06,"10",42966395,"G","GTA","rs3981434",0.902498,0.360767,29351,"Ever felt worried, tense, or anxious for most of a month or longer",TRUE,"reported","C096VP","Mental disorders","ukb1115"
110315,-0.0252337,0.0053605,2.51271e-06,"10",114870588,"C","G","rs10885415",0.925668,0.0337962,29351,"Ever felt worried, tense, or anxious for most of a month or longer",TRUE,"reported","C096VP","Mental disorders","ukb1115"
110315,0.0229482,0.00492674,3.19844e-06,"14",80286922,"C","T","rs79600573",1,0.037077,29351,"Ever felt worried, tense, or anxious for most of a month or longer",TRUE,"reported","C096VP","Mental disorders","ukb1115"
110315,0.0141062,0.00268987,1.57242e-07,"14",103919097,"C","T","rs112484789",0.961267,0.147902,29351,"Ever felt worried, tense, or anxious for most of a month or longer",TRUE,"reported","C096VP","Mental disorders","ukb1115"
110315,0.00938412,0.00197366,1.99005e-06,"18",60262305,"C","T","rs8088861",0.983387,0.347017,29351,"Ever felt worried, tense, or anxious for most of a month or longer",TRUE,"reported","C096VP","Mental disorders","ukb1115"
110315,0.0102114,0.00220537,3.6566e-06,"19",2316597,"T","C","rs28718565",0.987845,0.23647,29351,"Ever felt worried, tense, or anxious for most of a month or longer",TRUE,"reported","C096VP","Mental disorders","ukb1115"
110315,0.00882377,0.00191752,4.1961e-06,"20",37445747,"C","T","rs6129108",1,0.612477,29351,"Ever felt worried, tense, or anxious for most of a month or longer",TRUE,"reported","C096VP","Mental disorders","ukb1115"
110315,-0.00969986,0.00201069,1.40797e-06,"22",49696067,"T","C","rs6009594",1,0.31359,29351,"Ever felt worried, tense, or anxious for most of a month or longer",TRUE,"reported","C096VP","Mental disorders","ukb1115"
